plot,month,year,species,cover,height,phenology
F1P1,May,2019,Acinos arvensis,+,5,v
F1P1,May,2019,Arenaria serpyllifolia,1,5,fr
F1P1,May,2019,Artemisia absinthium,r,2,v
F1P1,May,2019,Buglossoides incrassata,+,12,fr
F1P1,May,2019,Echium vulgare,2a,5,v
F1P1,May,2019,Erodium cicutarium,2a,10,fr
F1P1,May,2019,Festuca valesiaca,1,12,v
F1P1,May,2019,Geranium pusillum,1,5,fr
F1P1,May,2019,Medicago minima,3,10,fl
F1P1,May,2019,Potentilla incana,1,7,fr
F1P1,May,2019,Teucrium chamaedrys,1,8,v
F1P1,May,2019,Trifolium arvense,+,5,v
F1P1,May,2019,Verbascum lychnitis,1,5,v
F1P2,May,2019,Alyssum alyssoides,+,9,fr
F1P2,May,2019,Arenaria serpyllifolia,1,9,fr
F1P2,May,2019,Arrhenatherum elatius,r,10,v
F1P2,May,2019,Artemisia absinthium,2b,30,v
F1P2,May,2019,Buglossoides incrassata,+,8,fl
F1P2,May,2019,Echium vulgare,2a,16,v
F1P2,May,2019,Erodium cicutarium,+,12,fl
F1P2,May,2019,Festuca valesiaca,+,13,v
F1P2,May,2019,Geranium pusillum,1,5,fr
F1P2,May,2019,Medicago minima,2b,13,fr
F1P2,May,2019,Teucrium chamaedrys,2a,9,v
F1P2,May,2019,Trifolium arvense,1,10,v
F1P2,May,2019,Verbascum lychnitis,2b,9,v
F1P2,May,2019,Veronica arvensis,r,12,fr
F1P3,May,2019,Arrhenatherum elatius,+,30,fr
F1P3,May,2019,Buglossoides incrassata,2a,15,fr
F1P3,May,2019,Convolvulus arvensis,r,13,v
F1P3,May,2019,Echium vulgare,2b,30,v
F1P3,May,2019,Elymus hispidus,+,20,v
F1P3,May,2019,Festuca valesiaca,+,12,v
F1P3,May,2019,Geranium pusillum,1,10,fr
F1P3,May,2019,Medicago minima,+,5,v
F1P3,May,2019,Teucrium chamaedrys,2a,10,v
F1P3,May,2019,Trifolium arvense,+,2,v
F1P3,May,2019,Viola tricolor subsp. saxatilis,r,20,fl
F1P4,May,2019,Anthriscus cerefolium,+,17,fr
F1P4,May,2019,Arenaria serpyllifolia,+,7,fr
F1P4,May,2019,Arrhenatherum elatius,+,33,fr
F1P4,May,2019,Carex praecox,1,17,fr
F1P4,May,2019,Carex supina,+,10,fr
F1P4,May,2019,Convolvulus arvensis,+,10,v
F1P4,May,2019,Echium vulgare,3,35,v
F1P4,May,2019,Elymus hispidus,1,31,v
F1P4,May,2019,Geranium pusillum,+,7,fr
F1P4,May,2019,Medicago minima,+,7,fl
F1P4,May,2019,Teucrium chamaedrys,2a,9,v
F1P4,May,2019,Thymus praecox,r,5,v
F1P4,May,2019,Trifolium arvense,+,6,v
F1P4,May,2019,Trifolium campestre,+,10,fl
F1P4,May,2019,Veronica arvensis,r,6,fr
F1P5,May,2019,Anthriscus cerefolium,+,10,fr
F1P5,May,2019,Arenaria serpyllifolia,r,5,fr
F1P5,May,2019,Artemisia campestris,2a,20,v
F1P5,May,2019,Buglossoides incrassata,r,10,fr
F1P5,May,2019,Carex praecox,+,15,v
F1P5,May,2019,Convolvulus arvensis,+,5,v
F1P5,May,2019,Echium vulgare,1,15,v
F1P5,May,2019,Elymus hispidus,1,30,v
F1P5,May,2019,Geranium pusillum,2a,7,fr
F1P5,May,2019,Medicago minima,1,5,fl
F1P5,May,2019,Phleum phleoides,1,30,fl
F1P5,May,2019,Teucrium chamaedrys,2b,10,v
F1P5,May,2019,Trifolium arvense,+,10,v
F1P6,May,2019,Acinos arvensis,1,15,v
F1P6,May,2019,Arenaria serpyllifolia,+,5,fr
F1P6,May,2019,Artemisia absinthium,2a,15,v
F1P6,May,2019,Buglossoides incrassata,1,10,fr
F1P6,May,2019,Convolvulus arvensis,+,5,v
F1P6,May,2019,Echium vulgare,3,20,v
F1P6,May,2019,Geranium pusillum,2a,10,fr
F1P6,May,2019,Medicago minima,1,7,fl
F1P6,May,2019,Poa angustifolia,+,20,fl
F1P6,May,2019,Teucrium chamaedrys,1,5,v
F1P6,May,2019,Trifolium arvense,+,5,v
F2P1,May,2019,Acinos arvensis,+,7,v
F2P1,May,2019,Arabis auriculata,+,10,fr
F2P1,May,2019,Arenaria serpyllifolia,+,6,fr
F2P1,May,2019,Bromus japonicus,1,20,fl
F2P1,May,2019,Buglossoides incrassata,+,6,fr
F2P1,May,2019,Echium vulgare,1,10,v
F2P1,May,2019,Erodium cicutarium,+,4,fr
F2P1,May,2019,Lotus corniculatus,2a,5,fr
F2P1,May,2019,Medicago minima,2b,10,fl
F2P1,May,2019,Melica ciliata,2a,20,v
F2P1,May,2019,Phleum phleoides,+,3,v
F2P1,May,2019,Potentilla incana,2b,4,fr
F2P1,May,2019,Sedum album,1,8,v
F2P1,May,2019,Teucrium chamaedrys,+,8,v
F2P2,May,2019,Acinos arvensis,+,3,v
F2P2,May,2019,Alyssum alyssoides,2a,14,fr
F2P2,May,2019,Arabis auriculata,r,12,fr
F2P2,May,2019,Arenaria serpyllifolia,1,8,fr
F2P2,May,2019,Bromus japonicus,+,16,fl
F2P2,May,2019,Bromus tectorum,+,17,fl
F2P2,May,2019,Echium vulgare,1,8,v
F2P2,May,2019,Erodium cicutarium,+,10,fl
F2P2,May,2019,Medicago minima,2a,13,fl
F2P2,May,2019,Phleum phleoides,2a,27,fl
F2P2,May,2019,Teucrium chamaedrys,2a,10,v
F2P2,May,2019,Verbascum lychnitis,2b,8,v
F2P3,May,2019,Alyssum alyssoides,1,12,fr
F2P3,May,2019,Arenaria serpyllifolia,1,9,fr
F2P3,May,2019,Artemisia absinthium,2a,20,v
F2P3,May,2019,Bromus japonicus,+,20,v
F2P3,May,2019,Bromus tectorum,+,20,v
F2P3,May,2019,Carex praecox,1,15,fr
F2P3,May,2019,Echium vulgare,1,3,v
F2P3,May,2019,Erodium cicutarium,+,10,fl
F2P3,May,2019,Festuca valesiaca,1,25,fl
F2P3,May,2019,Medicago minima,2b,12,fr
F2P3,May,2019,Melica ciliata,1,18,v
F2P3,May,2019,Phleum phleoides,2a,32,fl
F2P3,May,2019,Teucrium chamaedrys,2a,9,v
F2P4,May,2019,Acinos arvensis,+,12,v
F2P4,May,2019,Arenaria serpyllifolia,1,9,fr
F2P4,May,2019,Bromus tectorum,+,25,v
F2P4,May,2019,Carex supina,1,14,fr
F2P4,May,2019,Echium vulgare,2a,10,v
F2P4,May,2019,Erodium cicutarium,+,4,fl
F2P4,May,2019,Geranium pusillum,+,8,fr
F2P4,May,2019,Medicago minima,2a,9,fr
F2P4,May,2019,Teucrium chamaedrys,2b,12,v
F2P4,May,2019,Trifolium arvense,+,16,v
F2P5,May,2019,Arenaria serpyllifolia,+,5,fr
F2P5,May,2019,Echium vulgare,1,10,v
F2P5,May,2019,Erodium cicutarium,+,2,v
F2P5,May,2019,Medicago minima,2a,5,fr
F2P5,May,2019,Melica ciliata,+,20,v
F2P5,May,2019,Microthlaspi perfoliatum,+,8,fr
F2P6,May,2019,Arenaria serpyllifolia,2a,7,fr
F2P6,May,2019,Bromus tectorum,1,20,fl
F2P6,May,2019,Echium vulgare,1,15,v
F2P6,May,2019,Erodium cicutarium,+,13,fl
F2P6,May,2019,Medicago minima,4,10,fr
F2P6,May,2019,Minuartia rubra,1,12,v
F2P6,May,2019,Teucrium chamaedrys,+,3,v
F2P6,May,2019,Verbascum lychnitis,r,1,v
F3P1,May,2019,Acinos arvensis,+,5,v
F3P1,May,2019,Alyssum alyssoides,3,10,fr
F3P1,May,2019,Arenaria serpyllifolia,2a,7,fr
F3P1,May,2019,Arrhenatherum elatius,+,15,v
F3P1,May,2019,Bromus japonicus,r,15,v
F3P1,May,2019,Centaurea stoebe,r,5,v
F3P1,May,2019,Convolvulus arvensis,+,7,v
F3P1,May,2019,Dianthus pontederae,+,10,fl
F3P1,May,2019,Echium vulgare,+,5,v
F3P1,May,2019,Erodium cicutarium,+,10,fr
F3P1,May,2019,Koeleria macrantha,+,7,v
F3P1,May,2019,Medicago minima,2b,10,fl
F3P1,May,2019,Minuartia rubra,+,5,v
F3P1,May,2019,Trifolium arvense,r,6,v
F3P1,May,2019,Verbascum lychnitis,2a,3,v
F3P2,May,2019,Acinos arvensis,+,4,v
F3P2,May,2019,Allium flavum,+,16,v
F3P2,May,2019,Alyssum alyssoides,1,12,fr
F3P2,May,2019,Arenaria serpyllifolia,1,7,fr
F3P2,May,2019,Arrhenatherum elatius,+,15,v
F3P2,May,2019,Bromus japonicus,r,13,v
F3P2,May,2019,Buglossoides incrassata,+,10,fr
F3P2,May,2019,Festuca valesiaca,1,29,fl
F3P2,May,2019,Galium glaucum,+,5,v
F3P2,May,2019,Lappula squarrosa,+,6,v
F3P2,May,2019,Medicago minima,2a,7,fr
F3P2,May,2019,Minuartia rubra,+,8,v
F3P2,May,2019,Poa badensis,r,2,v
F3P2,May,2019,Potentilla incana,3,5,v
F3P2,May,2019,Sedum album,1,5,v
F3P2,May,2019,Verbascum lychnitis,1,3,v
F3P3,May,2019,Acinos arvensis,+,8,v
F3P3,May,2019,Alyssum alyssoides,2b,10,fr
F3P3,May,2019,Arenaria serpyllifolia,+,5,fr
F3P3,May,2019,Artemisia absinthium,r,3,v
F3P3,May,2019,Buglossoides incrassata,1,9,v
F3P3,May,2019,Koeleria macrantha,r,4,v
F3P3,May,2019,Medicago minima,2b,10,fr
F3P3,May,2019,Melica ciliata,+,14,v
F3P3,May,2019,Minuartia rubra,+,5,v
F3P3,May,2019,Sedum album,1,5,v
F3P3,May,2019,Trifolium arvense,+,1,v
F3P3,May,2019,Verbascum lychnitis,1,6,v
F3P3,May,2019,Veronica prostrata,2a,8,fr
F3P4,May,2019,Acinos arvensis,1,8,v
F3P4,May,2019,Alyssum alyssoides,2a,12,fr
F3P4,May,2019,Arenaria serpyllifolia,1,8,fr
F3P4,May,2019,Bromus tectorum,r,12,fr
F3P4,May,2019,Buglossoides incrassata,+,7,fr
F3P4,May,2019,Centaurea stoebe,r,10,v
F3P4,May,2019,Echium vulgare,1,10,v
F3P4,May,2019,Festuca valesiaca,+,8,v
F3P4,May,2019,Galium verum,+,12,v
F3P4,May,2019,Lappula squarrosa,+,7,v
F3P4,May,2019,Medicago minima,2b,11,fr
F3P4,May,2019,Melica ciliata,1,14,v
F3P4,May,2019,Potentilla incana,1,3,v
F3P4,May,2019,Sedum album,1,4,v
F3P4,May,2019,Teucrium chamaedrys,2b,9,v
F3P4,May,2019,Verbascum lychnitis,+,1,v
F3P5,May,2019,Acinos arvensis,+,1,s
F3P5,May,2019,Alyssum alyssoides,3,10,fr
F3P5,May,2019,Bromus japonicus,+,7,v
F3P5,May,2019,Erodium cicutarium,r,1,s
F3P5,May,2019,Festuca valesiaca,+,5,v
F3P5,May,2019,Medicago minima,2a,10,fl
F3P5,May,2019,Melica ciliata,1,15,v
F3P5,May,2019,Poa bulbosa,+,4,fr
F3P5,May,2019,Scabiosa ochroleuca,1,3,v
F3P5,May,2019,Teucrium chamaedrys,r,3,v
F3P6,May,2019,Acinos arvensis,1,5,v
F3P6,May,2019,Allium flavum,r,20,v
F3P6,May,2019,Alyssum alyssoides,3,10,fr
F3P6,May,2019,Arrhenatherum elatius,+,10,v
F3P6,May,2019,Buglossoides incrassata,r,7,fl
F3P6,May,2019,Centaurea stoebe,+,5,v
F3P6,May,2019,Dianthus pontederae,+,10,fl
F3P6,May,2019,Festuca valesiaca,1,12,fl
F3P6,May,2019,Medicago minima,2b,8,fl
F3P6,May,2019,Melica ciliata,r,5,v
F3P6,May,2019,Minuartia rubra,+,7,v
F3P6,May,2019,Sedum album,2a,4,v
F3P6,May,2019,Senecio vulgaris,+,8,fl
F3P6,May,2019,Verbascum lychnitis,+,3,v
F4P1,May,2019,Acinos arvensis,+,9,v
F4P1,May,2019,Alyssum montanum subsp. gmelinii,+,8,fl
F4P1,May,2019,Arenaria serpyllifolia,1,6,fr
F4P1,May,2019,Buglossoides incrassata,+,12,fr
F4P1,May,2019,Echium vulgare,1,9,v
F4P1,May,2019,Erodium cicutarium,+,9,fl
F4P1,May,2019,Koeleria macrantha,1,29,fl
F4P1,May,2019,Medicago minima,2a,7,fr
F4P1,May,2019,Melica ciliata,+,12,v
F4P1,May,2019,Potentilla incana,1,4,v
F4P1,May,2019,Sedum album,2a,3,v
F4P1,May,2019,Seseli osseum,1,9,v
F4P1,May,2019,Teucrium chamaedrys,1,7,v
F4P1,May,2019,Verbascum lychnitis,r,1,v
F4P2,May,2019,Alyssum alyssoides,1,12,fr
F4P2,May,2019,Arenaria serpyllifolia,1,7,fr
F4P2,May,2019,Brassicaceae,+,5,v
F4P2,May,2019,Buglossoides incrassata,+,6,fr
F4P2,May,2019,Centaurea stoebe,+,7,v
F4P2,May,2019,Echium vulgare,+,8,v
F4P2,May,2019,Erodium cicutarium,3,10,fl
F4P2,May,2019,Lappula squarrosa,1,10,v
F4P2,May,2019,Medicago minima,2a,8,fl
F4P2,May,2019,Melica ciliata,1,12,fl
F4P2,May,2019,Minuartia rubra,+,10,v
F4P2,May,2019,Teucrium chamaedrys,2a,7,v
F4P2,May,2019,Verbascum lychnitis,1,2,v
F4P3,May,2019,Acinos arvensis,+,5,v
F4P3,May,2019,Alyssum alyssoides,2a,12,fr
F4P3,May,2019,Arenaria serpyllifolia,+,8,fr
F4P3,May,2019,Convolvulus arvensis,+,5,v
F4P3,May,2019,Dianthus pontederae,+,20,fl
F4P3,May,2019,Echium vulgare,2a,8,v
F4P3,May,2019,Lappula squarrosa,+,20,fl
F4P3,May,2019,Medicago minima,2a,7,fl
F4P3,May,2019,Phleum phleoides,+,25,fl
F4P3,May,2019,Sedum album,+,5,v
F4P3,May,2019,Seseli osseum,+,5,v
F4P3,May,2019,Teucrium chamaedrys,2b,10,v
F4P3,May,2019,Verbascum lychnitis,1,5,v
F4P4,May,2019,Acinos arvensis,r,6,v
F4P4,May,2019,Alyssum alyssoides,2a,12,fr
F4P4,May,2019,Arenaria serpyllifolia,2b,8,fr
F4P4,May,2019,Bromus sp.,+,20,fl
F4P4,May,2019,Dianthus pontederae,+,6,v
F4P4,May,2019,Echium vulgare,+,5,v
F4P4,May,2019,Erodium cicutarium,2a,6,fr
F4P4,May,2019,Medicago minima,2a,10,fl
F4P4,May,2019,Sedum album,r,2,v
F4P4,May,2019,Teucrium chamaedrys,2a,8,v
F4P4,May,2019,Trifolium arvense,+,8,v
F4P4,May,2019,Verbascum lychnitis,r,1,v
F4P5,May,2019,Allium flavum,r,24,v
F4P5,May,2019,Alyssum alyssoides,1,9,fr
F4P5,May,2019,Arenaria serpyllifolia,2a,7,fr
F4P5,May,2019,Buglossoides incrassata,1,21,fr
F4P5,May,2019,Centaurea stoebe,r,8,v
F4P5,May,2019,Echium vulgare,2b,13,v
F4P5,May,2019,Erodium cicutarium,1,9,fl
F4P5,May,2019,Fragaria viridis,r,4,v
F4P5,May,2019,Lappula squarrosa,1,18,v
F4P5,May,2019,Medicago minima,2b,10,fr
F4P5,May,2019,Minuartia rubra,r,12,v
F4P5,May,2019,Potentilla incana,+,9,v
F4P5,May,2019,Teucrium chamaedrys,2b,10,v
F4P5,May,2019,Verbascum lychnitis,1,2,v
F4P5,May,2019,Veronica praecox,+,4,fr
F4P6,May,2019,Acinos arvensis,1,8,v
F4P6,May,2019,Allium flavum,r,17,v
F4P6,May,2019,Alyssum alyssoides,2a,12,fr
F4P6,May,2019,Arenaria serpyllifolia,1,8,fr
F4P6,May,2019,Echium vulgare,1,8,v
F4P6,May,2019,Erodium cicutarium,+,1,s
F4P6,May,2019,Medicago minima,2a,10,fr
F4P6,May,2019,Minuartia rubra,1,10,v
F4P6,May,2019,Phleum phleoides,1,23,fl
F4P6,May,2019,Sedum album,1,6,v
F4P6,May,2019,Teucrium chamaedrys,1,8,v
F4P6,May,2019,Verbascum lychnitis,r,1,v
F5P1,May,2019,Acinos arvensis,2a,9,v
F5P1,May,2019,Alyssum alyssoides,+,8,fr
F5P1,May,2019,Arabis auriculata,r,10,fr
F5P1,May,2019,Arenaria serpyllifolia,+,6,fr
F5P1,May,2019,Dianthus pontederae,+,4,v
F5P1,May,2019,Echium vulgare,1,7,v
F5P1,May,2019,Erodium cicutarium,+,7,fl
F5P1,May,2019,Medicago minima,2a,7,fl
F5P1,May,2019,Minuartia rubra,+,6,v
F5P1,May,2019,Phleum phleoides,1,70,v
F5P1,May,2019,Potentilla incana,+,3,v
F5P1,May,2019,Sedum album,2a,8,v
F5P1,May,2019,Seseli osseum,1,9,v
F5P1,May,2019,Verbascum lychnitis,2a,7,v
F5P1,May,2019,Veronica praecox,r,2,fr
F5P2,May,2019,Acinos arvensis,+,8,v
F5P2,May,2019,Arabis auriculata,+,5,fr
F5P2,May,2019,Camelina microcarpa,1,30,fl
F5P2,May,2019,Echium vulgare,2b,10,v
F5P2,May,2019,Lappula squarrosa,+,35,fl
F5P2,May,2019,Medicago minima,2b,8,fl
F5P2,May,2019,Melica ciliata,1,20,v
F5P2,May,2019,Sedum album,+,3,v
F5P2,May,2019,Teucrium chamaedrys,2a,10,v
F5P3,May,2019,Acinos arvensis,+,8,v
F5P3,May,2019,Alyssum alyssoides,+,10,fr
F5P3,May,2019,Arenaria serpyllifolia,+,5,fr
F5P3,May,2019,Dianthus pontederae,+,10,fl
F5P3,May,2019,Festuca csikhegyensis,+,5,v
F5P3,May,2019,Koeleria macrantha,+,15,fl
F5P3,May,2019,Medicago minima,1,8,fl
F5P3,May,2019,Minuartia rubra,+,15,v
F5P3,May,2019,Phleum phleoides,+,5,v
F5P3,May,2019,Potentilla incana,2b,4,fr
F5P3,May,2019,Sedum album,1,5,v
F5P3,May,2019,Seseli osseum,1,7,v
F5P3,May,2019,Teucrium chamaedrys,2b,10,v
F5P3,May,2019,Verbascum lychnitis,+,1,v
F5P4,May,2019,Acinos arvensis,+,7,v
F5P4,May,2019,Alyssum alyssoides,2a,7,fl
F5P4,May,2019,Arenaria serpyllifolia,1,7,fr
F5P4,May,2019,Camelina microcarpa,1,60,fl
F5P4,May,2019,Erodium cicutarium,1,10,fr
F5P4,May,2019,Festuca valesiaca,+,10,v
F5P4,May,2019,Medicago minima,2a,7,fl
F5P4,May,2019,Potentilla incana,2a,4,fr
F5P4,May,2019,Sedum album,2a,5,v
F5P4,May,2019,Seseli osseum,1,12,v
F5P4,May,2019,Taraxacum sect. Erythrosperma,r,1,v
F5P4,May,2019,Teucrium chamaedrys,r,5,v
F5P4,May,2019,Verbascum lychnitis,+,1,v
F5P4,May,2019,Veronica praecox,r,5,fl
F5P5,May,2019,Acinos arvensis,r,3,v
F5P5,May,2019,Alyssum alyssoides,+,10,fr
F5P5,May,2019,Camelina microcarpa,+,44,fr
F5P5,May,2019,Echium vulgare,3,44,v
F5P5,May,2019,Erysimum odoratum,1,40,fl
F5P5,May,2019,Medicago minima,2a,12,fr
F5P5,May,2019,Minuartia rubra,+,7,v
F5P5,May,2019,Potentilla incana,1,3,v
F5P5,May,2019,Sedum album,r,2,v
F5P5,May,2019,Seseli osseum,1,25,v
F5P5,May,2019,Verbascum lychnitis,2b,7,v
F5P5,May,2019,Veronica praecox,+,8,fr
F5P6,May,2019,Acinos arvensis,2a,13,v
F5P6,May,2019,Alyssum alyssoides,2a,10,fr
F5P6,May,2019,Arenaria serpyllifolia,1,7,fr
F5P6,May,2019,Camelina microcarpa,1,50,fr
F5P6,May,2019,Medicago minima,2a,9,fr
F5P6,May,2019,Melica ciliata,1,15,v
F5P6,May,2019,Minuartia rubra,1,9,v
F5P6,May,2019,Potentilla incana,1,4,v
F5P6,May,2019,Sedum album,+,2,v
F5P6,May,2019,Tragopogon dubius,1,15,v
F5P6,May,2019,Verbascum lychnitis,2b,9,v
F5P6,May,2019,Veronica praecox,+,2,fr
F6P1,May,2019,Acinos arvensis,+,4,v
F6P1,May,2019,Allium flavum,+,6,v
F6P1,May,2019,Arenaria serpyllifolia,+,6,fr
F6P1,May,2019,Bromus japonicus,r,12,fr
F6P1,May,2019,Buglossoides incrassata,+,10,fr
F6P1,May,2019,Echium vulgare,1,6,v
F6P1,May,2019,Erodium cicutarium,2a,7,fr
F6P1,May,2019,Iris pumila,2a,10,v
F6P1,May,2019,Lepidium campestre,2a,6,fr
F6P1,May,2019,Medicago minima,1,6,fl
F6P1,May,2019,Sedum album,3,4,v
F6P1,May,2019,Teucrium chamaedrys,1,5,v
F6P1,May,2019,Trifolium arvense,1,5,v
F6P1,May,2019,Verbascum lychnitis,r,1,s
F6P2,May,2019,Acinos arvensis,r,4,v
F6P2,May,2019,Arenaria serpyllifolia,2b,1,fr
F6P2,May,2019,Centaurea stoebe,r,4,v
F6P2,May,2019,Echium vulgare,1,5,v
F6P2,May,2019,Erodium cicutarium,1,5,fl
F6P2,May,2019,Geranium pusillum,+,4,fr
F6P2,May,2019,Lappula squarrosa,+,7,v
F6P2,May,2019,Lepidium campestre,1,8,fl
F6P2,May,2019,Medicago minima,3,8,fl
F6P2,May,2019,Myosotis arvensis,r,8,fr
F6P2,May,2019,Sedum album,+,5,v
F6P2,May,2019,Trifolium arvense,+,7,v
F6P3,May,2019,Acinos arvensis,+,4,v
F6P3,May,2019,Alyssum alyssoides,+,5,fl
F6P3,May,2019,Arenaria serpyllifolia,2a,5,fr
F6P3,May,2019,Buglossoides incrassata,+,10,fr
F6P3,May,2019,Echium vulgare,2b,10,v
F6P3,May,2019,Erodium cicutarium,+,7,fl
F6P3,May,2019,Festuca valesiaca,+,5,v
F6P3,May,2019,Geranium pusillum,r,5,fl
F6P3,May,2019,Lepidium campestre,2a,12,fl
F6P3,May,2019,Medicago lupulina,r,4,fl
F6P3,May,2019,Medicago minima,2b,7,fl
F6P3,May,2019,Sedum album,2a,8,v
F6P3,May,2019,Teucrium chamaedrys,1,7,v
F6P3,May,2019,Trifolium arvense,+,7,v
F6P4,May,2019,Achillea collina,r,6,v
F6P4,May,2019,Acinos arvensis,r,3,v
F6P4,May,2019,Alyssum montanum subsp. gmelinii,+,8,fr
F6P4,May,2019,Arenaria serpyllifolia,+,6,fr
F6P4,May,2019,Buglossoides incrassata,+,8,fr
F6P4,May,2019,Convolvulus arvensis,1,5,v
F6P4,May,2019,Echium vulgare,3,15,v
F6P4,May,2019,Erodium cicutarium,1,5,fr
F6P4,May,2019,Euphorbia cyparissias,+,3,v
F6P4,May,2019,Galium glaucum,+,8,fl
F6P4,May,2019,Geranium pusillum,+,6,fr
F6P4,May,2019,Lepidium campestre,2a,10,fr
F6P4,May,2019,Medicago minima,1,12,fr
F6P4,May,2019,Sedum album,1,5,v
F6P4,May,2019,Teucrium chamaedrys,2a,5,v
F6P4,May,2019,Trifolium arvense,+,7,v
F6P5,May,2019,Achillea collina,1,12,v
F6P5,May,2019,Alyssum alyssoides,r,5,fl
F6P5,May,2019,Arenaria serpyllifolia,2a,5,fr
F6P5,May,2019,Centaurea stoebe,r,4,v
F6P5,May,2019,Convolvulus arvensis,r,6,v
F6P5,May,2019,Echium vulgare,1,5,v
F6P5,May,2019,Erodium cicutarium,+,5,fr
F6P5,May,2019,Festuca valesiaca,+,8,v
F6P5,May,2019,Geranium pusillum,r,4,fr
F6P5,May,2019,Hesperis tristis ,1,5,v
F6P5,May,2019,Inula oculus-christi,1,6,v
F6P5,May,2019,Lepidium campestre,2a,8,fr
F6P5,May,2019,Medicago minima,2a,7,fr
F6P5,May,2019,Sedum album,1,6,v
F6P5,May,2019,Teucrium chamaedrys,1,5,v
F6P5,May,2019,Trifolium arvense,+,8,v
F6P6,May,2019,Acinos arvensis,+,3,v
F6P6,May,2019,Alyssum alyssoides,r,5,fl
F6P6,May,2019,Arenaria serpyllifolia,1,4,fr
F6P6,May,2019,Arrhenatherum elatius,+,6,v
F6P6,May,2019,Buglossoides incrassata,+,7,fl
F6P6,May,2019,Echium vulgare,1,4,v
F6P6,May,2019,Erodium cicutarium,1,5,fr
F6P6,May,2019,Geranium pusillum,+,4,v
F6P6,May,2019,Inula oculus-christi,3,7,v
F6P6,May,2019,Lepidium campestre,2a,9,fr
F6P6,May,2019,Medicago minima,2a,9,fr
F6P6,May,2019,Sedum album,1,4,v
F6P6,May,2019,Taraxacum sect. Erythrosperma,r,2,v
F6P6,May,2019,Teucrium chamaedrys,2a,5,v
F6P6,May,2019,Trifolium arvense,1,9,v
F6P6,May,2019,Veronica arvensis,+,5,fr
F7P1,May,2019,Acinos arvensis,+,3,v
F7P1,May,2019,Arenaria serpyllifolia,+,5,fl
F7P1,May,2019,Arrhenatherum elatius,r,12,v
F7P1,May,2019,Buglossoides incrassata,r,9,fr
F7P1,May,2019,Echium vulgare,2b,11,v
F7P1,May,2019,Erodium cicutarium,r,5,fr
F7P1,May,2019,Geranium pusillum,+,2,v
F7P1,May,2019,Lepidium campestre,2a,11,fr
F7P1,May,2019,Medicago minima,2a,10,fr
F7P1,May,2019,Melica ciliata,+,10,v
F7P1,May,2019,Teucrium chamaedrys,2b,8,v
F7P2,May,2019,Acinos arvensis,+,5,v
F7P2,May,2019,Arenaria serpyllifolia,+,5,fr
F7P2,May,2019,Arrhenatherum elatius,r,10,v
F7P2,May,2019,Dianthus pontederae,+,5,v
F7P2,May,2019,Echium vulgare,1,7,v
F7P2,May,2019,Erodium cicutarium,1,8,fl
F7P2,May,2019,Lepidium campestre,2b,5,fl
F7P2,May,2019,Medicago minima,1,5,fl
F7P2,May,2019,Melica ciliata,+,5,v
F7P2,May,2019,Sedum album,+,6,v
F7P2,May,2019,Teucrium chamaedrys,2b,10,v
F7P3,May,2019,Allium flavum,r,5,v
F7P3,May,2019,Alyssum alyssoides,r,8,fr
F7P3,May,2019,Arenaria serpyllifolia,2a,5,fl
F7P3,May,2019,Arrhenatherum elatius,+,12,v
F7P3,May,2019,Buglossoides incrassata,r,8,fr
F7P3,May,2019,Echium vulgare,2b,10,v
F7P3,May,2019,Erodium cicutarium,+,5,fl
F7P3,May,2019,Festuca valesiaca,+,15,fl
F7P3,May,2019,Galium glaucum,r,3,v
F7P3,May,2019,Geranium pusillum,+,7,fr
F7P3,May,2019,Hesperis tristis ,1,15,v
F7P3,May,2019,Lepidium campestre,1,5,fl
F7P3,May,2019,Medicago minima,3,7,fr
F7P3,May,2019,Melica ciliata,1,13,v
F7P3,May,2019,Phleum phleoides,r,3,v
F7P3,May,2019,Potentilla incana,2b,5,fr
F7P3,May,2019,Teucrium chamaedrys,1,5,v
F7P3,May,2019,Verbascum lychnitis,1,10,v
F7P4,May,2019,Arenaria serpyllifolia,+,5,v
F7P4,May,2019,Arrhenatherum elatius,+,12,v
F7P4,May,2019,Bromus japonicus,+,15,fl
F7P4,May,2019,Buglossoides incrassata,+,15,fr
F7P4,May,2019,Echium vulgare,2a,15,v
F7P4,May,2019,Erodium cicutarium,1,10,fl
F7P4,May,2019,Geranium pusillum,r,5,fr
F7P4,May,2019,Lepidium campestre,2b,15,fl
F7P4,May,2019,Medicago minima,3,8,fr
F7P4,May,2019,Sedum album,r,1,v
F7P4,May,2019,Teucrium chamaedrys,2b,7,v
F7P4,May,2019,Trifolium arvense,+,10,v
F7P5,May,2019,Acinos arvensis,+,6,v
F7P5,May,2019,Alyssum montanum subsp. gmelinii,r,6,fl
F7P5,May,2019,Bromus sp.,+,12,fl
F7P5,May,2019,Dianthus pontederae,+,5,v
F7P5,May,2019,Echium vulgare,2a,10,v
F7P5,May,2019,Erodium cicutarium,+,2,fr
F7P5,May,2019,Galium glaucum,+,5,v
F7P5,May,2019,Lepidium campestre,1,10,fr
F7P5,May,2019,Medicago minima,2a,5,fr
F7P5,May,2019,Melica ciliata,r,7,v
F7P5,May,2019,Potentilla incana,2a,5,v
F7P5,May,2019,Sedum album,+,4,v
F7P5,May,2019,Teucrium chamaedrys,1,5,v
F7P5,May,2019,Verbascum lychnitis,r,1,s
F7P5,May,2019,Veronica arvensis,r,3,fl
F7P6,May,2019,Acinos arvensis,+,5,v
F7P6,May,2019,Arenaria serpyllifolia,+,5,fr
F7P6,May,2019,Arrhenatherum elatius,+,10,v
F7P6,May,2019,Bromus japonicus,+,15,fl
F7P6,May,2019,Buglossoides incrassata,+,6,fr
F7P6,May,2019,Centaurea stoebe,r,4,v
F7P6,May,2019,Cerastium sp.,+,3,fr
F7P6,May,2019,Echium vulgare,1,5,v
F7P6,May,2019,Erodium cicutarium,1,5,fl
F7P6,May,2019,Lepidium campestre,+,10,fr
F7P6,May,2019,Medicago minima,4,8,fr
F7P6,May,2019,Minuartia rubra,+,7,v
F7P6,May,2019,Sedum album,1,3,v
F7P6,May,2019,Teucrium chamaedrys,2a,5,v
F1P1,May,2020,Acinos arvensis,+,3,v
F1P1,May,2020,Alyssum alyssoides,+,2,v
F1P1,May,2020,Echium vulgare,1,10,v
F1P1,May,2020,Festuca valesiaca,2a,1b,fl
F1P1,May,2020,Medicago minima,r,1,v
F1P1,May,2020,Teucrium chamaedrys,1,8,v
F1P1,May,2020,Verbascum lychnitis,1,3,v
F1P1,May,2020,Elymus hispidus,r,5,v
F1P2,May,2020,Alyssum alyssoides,+,2,v
F1P2,May,2020,Arabis auriculata,r,7,fr
F1P2,May,2020,Arenaria serpyllifolia,+,4,v
F1P2,May,2020,Arrhenatherum elatius,1,18,v
F1P2,May,2020,Artemisia absinthium,3,20,v
F1P2,May,2020,Festuca valesiaca,1,18,v
F1P2,May,2020,Medicago minima,+,2,v
F1P2,May,2020,Teucrium chamaedrys,2b,8,v
F1P2,May,2020,Trifolium arvense,+,4,v
F1P2,May,2020,Verbascum lychnitis,2b,7,v
F1P2,May,2020,Veronica arvensis,+,3,v
F1P2,May,2020,Alyssum montanum subsp. gmelinii,+,3,v
F1P2,May,2020,Veronica praecox,+,6,v
F1P3,May,2020,Acinos arvensis,r,2,v
F1P3,May,2020,Arrhenatherum elatius,1,20,fl
F1P3,May,2020,Carex supina,+,5,v
F1P3,May,2020,Elymus hispidus,+,10,v
F1P3,May,2020,Festuca valesiaca,1,8,fl
F1P3,May,2020,Teucrium chamaedrys,2a,8,v
F1P3,May,2020,Alyssum alyssoides,+,3,v
F1P3,May,2020,Arenaria serpyllifolia,+,2,fr
F1P3,May,2020,Trifolium campestre,r,2,v
F1P4,May,2020,Anthriscus cerefolium,r,12,fr
F1P4,May,2020,Carex praecox,+,12,fl
F1P4,May,2020,Carex supina,+,5,v
F1P4,May,2020,Cerastium sp.,+,10,v
F1P4,May,2020,Convolvulus arvensis,+,5,v
F1P4,May,2020,Echium vulgare,r,2,v
F1P4,May,2020,Elymus hispidus,+,15,v
F1P4,May,2020,Geranium pusillum,+,5,fr
F1P4,May,2020,Teucrium chamaedrys,2a,8,v
F1P4,May,2020,Thymus praecox,+,8,fr
F1P4,May,2020,Arrhenatherum elatius,2a,23,v
F1P4,May,2020,Arabis auriculata,r,8,v
F1P4,May,2020,Alyssum alyssoides,+,2,v
F1P5,May,2020,Arabis auriculata,r,7,pfr
F1P5,May,2020,Arenaria serpyllifolia,+,2,f
F1P5,May,2020,Artemisia campestris,1,5,v
F1P5,May,2020,Echium vulgare,+,3,v
F1P5,May,2020,Elymus hispidus,+,15,v
F1P5,May,2020,Geranium pusillum,+,2,v
F1P5,May,2020,Phleum phleoides,1,7,v
F1P5,May,2020,Teucrium chamaedrys,3,5,v
F1P5,May,2020,Trifolium arvense,1,3,v
F1P5,May,2020,Carex supina,1,7,fr
F1P5,May,2020,Achillea collina,r,8,v
F1P5,May,2020,Bromus japonicus,r,5,v
F1P5,May,2020,Acinos arvensis,r,1,v
F1P6,May,2020,Acinos arvensis,+,2,v
F1P6,May,2020,Arenaria serpyllifolia,+,3,v
F1P6,May,2020,Artemisia absinthium,2a,12,v
F1P6,May,2020,Convolvulus arvensis,+,6,v
F1P6,May,2020,Echium vulgare,+,4,v
F1P6,May,2020,Geranium pusillum,+,3,v
F1P6,May,2020,Teucrium chamaedrys,2b,5,v
F1P6,May,2020,Trifolium arvense,r,7,v
F1P6,May,2020,Carex praecox,+,6,v
F1P6,May,2020,Festuca valesiaca,+,3,v
F1P6,May,2020,Arabis auriculata,r,14,v
F2P1,May,2020,Alyssum alyssoides,+,3,fr
F2P1,May,2020,Arenaria serpyllifolia,+,3,v
F2P1,May,2020,Bromus sp.,+,7,fr
F2P1,May,2020,Echium vulgare,+,2,v
F2P1,May,2020,Lotus corniculatus,1,5,fl
F2P1,May,2020,Medicago minima,+,1,v
F2P1,May,2020,Melica ciliata,1,12,v
F2P1,May,2020,Phleum phleoides,1,5,v
F2P1,May,2020,Potentilla incana,3,4,fr
F2P1,May,2020,Sedum album,+,4,v
F2P1,May,2020,Teucrium chamaedrys,+,6,v
F2P1,May,2020,Veronica praecox,r,2,v
F2P1,May,2020,Camelina microcarpa,+,9,v
F2P2,May,2020,Alyssum alyssoides,+,2,v
F2P2,May,2020,Arenaria serpyllifolia,+,3,v
F2P2,May,2020,Bromus tectorum,+,12,fr
F2P2,May,2020,Centaurea stoebe,+,3,v
F2P2,May,2020,Cerastium sp.,r,2,fr
F2P2,May,2020,Medicago minima,r,1,v
F2P2,May,2020,Phleum phleoides,1,7,v
F2P2,May,2020,Teucrium chamaedrys,2b,6,v
F2P2,May,2020,Verbascum lychnitis,2b,12,v
F2P2,May,2020,Saxifraga tridactylites,r,2,pfr
F2P3,May,2020,Alyssum alyssoides,+,3,v
F2P3,May,2020,Arenaria serpyllifolia,+,2,v
F2P3,May,2020,Artemisia absinthium,3,20,v
F2P3,May,2020,Bromus tectorum,+,11,v
F2P3,May,2020,Carex praecox,1,2,v
F2P3,May,2020,Festuca valesiaca,2a,15,fl
F2P3,May,2020,Phleum phleoides,1,5,v
F2P3,May,2020,Teucrium chamaedrys,2a,10,v
F2P3,May,2020,Veronica praecox,+,4,v
F2P3,May,2020,Camelina microcarpa,+,7,v
F2P4,May,2020,Acinos arvensis,+,2,v
F2P4,May,2020,Bromus japonicus,+,8,v
F2P4,May,2020,Lamium amplexicaule,+,3,pfr
F2P4,May,2020,Medicago minima,r,1,v
F2P4,May,2020,Carex supina,1,13,fr
F2P4,May,2020,Teucrium chamaedrys,3,7,v
F2P4,May,2020,Melica ciliata,+,3,v
F2P5,May,2020,Acinos arvensis,+,3,v
F2P5,May,2020,Medicago minima,+,2,v
F2P5,May,2020,Teucrium chamaedrys,+,2,v
F2P5,May,2020,Camelina microcarpa,+,3,v
F2P6,May,2020,Alyssum alyssoides,+,2,v
F2P6,May,2020,Arenaria serpyllifolia,1,3,fr
F2P6,May,2020,Bromus japonicus,+,3,v
F2P6,May,2020,Cerastium sp.,+,2,pfr
F2P6,May,2020,Echium vulgare,+,2,v
F2P6,May,2020,Lamium amplexicaule,1,3,pfr
F2P6,May,2020,Medicago minima,r,2,v
F2P6,May,2020,Teucrium chamaedrys,1,5,v
F2P6,May,2020,Camelina microcarpa,+,3,v
F2P6,May,2020,Acinos arvensis,+,5,v
F3P1,May,2020,Acinos arvensis,+,2,v
F3P1,May,2020,Alyssum alyssoides,+,3,fr
F3P1,May,2020,Arenaria serpyllifolia,r,2,v
F3P1,May,2020,Bromus japonicus,+,7,v
F3P1,May,2020,Centaurea stoebe,2a,20,v
F3P1,May,2020,Dianthus pontederae,+,13,fr
F3P1,May,2020,Koeleria macrantha,1,10,fr
F3P1,May,2020,Medicago minima,+,2,v
F3P1,May,2020,Arrhenatherum elatius,1,12,v
F3P1,May,2020,Trifolium arvense,r,1,v
F3P1,May,2020,Verbascum lychnitis,2a,5,v
F3P1,May,2020,Potentilla incana,1,2,v
F3P2,May,2020,Alyssum alyssoides,+,1,v
F3P2,May,2020,Festuca valesiaca,1,12,fl
F3P2,May,2020,Galium glaucum,+,5,v
F3P2,May,2020,Potentilla incana,4,5,fr
F3P2,May,2020,Sedum album,1,2,v
F3P2,May,2020,Verbascum lychnitis,1,3,v
F3P2,May,2020,Arrhenatherum elatius,+,10,v
F3P3,May,2020,Koeleria macrantha,+,8,fl
F3P3,May,2020,Veronica prostrata,2b,7,fr
F3P3,May,2020,Acinos arvensis,+,1,v
F3P3,May,2020,Melica ciliata,+,5,v
F3P3,May,2020,Cerastium sp.,+,3,fr
F3P3,May,2020,Alyssum alyssoides,1,3,fr
F3P3,May,2020,Taraxacum sect. Erythrosperma,r,1,v
F3P3,May,2020,Sedum album,1,3,v
F3P3,May,2020,Bromus tectorum,+,6,fr
F3P3,May,2020,Verbascum lychnitis,1,5,v
F3P3,May,2020,Medicago minima,+,2,v
F3P3,May,2020,Echium vulgare,1,3,v
F3P3,May,2020,Trifolium arvense,r,2,v
F3P3,May,2020,Arenaria serpyllifolia,+,2,v
F3P4,May,2020,Acinos arvensis,1,4,v
F3P4,May,2020,Alyssum alyssoides,+,3,fr
F3P4,May,2020,Bromus sp.,+,7,fr
F3P4,May,2020,Centaurea stoebe,+,13,v
F3P4,May,2020,Festuca valesiaca,+,17,fl
F3P4,May,2020,Galium verum,+,6,v
F3P4,May,2020,Melica ciliata,+,7,v
F3P4,May,2020,Potentilla incana,1,3,fr
F3P4,May,2020,Sedum album,1,3,v
F3P4,May,2020,Teucrium chamaedrys,2b,6,v
F3P5,May,2020,Alyssum alyssoides,+,8,fl
F3P5,May,2020,Arenaria serpyllifolia,+,2,fr
F3P5,May,2020,Festuca valesiaca,1,10,fr
F3P5,May,2020,Melica ciliata,1,7,v
F3P5,May,2020,Teucrium chamaedrys,1,4,v
F3P5,May,2020,Cerastium sp.,+,3,pfr
F3P5,May,2020,Camelina microcarpa,+,1,v
F3P5,May,2020,Galium glaucum,r,4,v
F3P6,May,2020,Alyssum alyssoides,+,2,fl
F3P6,May,2020,Arenaria serpyllifolia,r,3,fr
F3P6,May,2020,Centaurea stoebe,+,5,v
F3P6,May,2020,Cerastium sp.,r,3,pfr
F3P6,May,2020,Dianthus pontederae,+,10,fl
F3P6,May,2020,Festuca valesiaca,1,10,fl
F3P6,May,2020,Arrhenatherum elatius,1,7,v
F3P6,May,2020,Minuartia rubra,r,1,v
F3P6,May,2020,Sedum album,2a,3,v
F3P6,May,2020,Senecio vulgaris,+,5,pfr
F4P1,May,2020,Alyssum montanum subsp. gmelinii,+,2,fr
F4P1,May,2020,Echium vulgare,2a,7,v
F4P1,May,2020,Koeleria macrantha,2a,19,fl
F4P1,May,2020,Medicago minima,+,2,v
F4P1,May,2020,Melica ciliata,+,5,v
F4P1,May,2020,Potentilla incana,1,4,fr
F4P1,May,2020,Sedum album,1,2,v
F4P1,May,2020,Seseli osseum,+,3,v
F4P1,May,2020,Teucrium chamaedrys,2a,4,v
F4P1,May,2020,Cerastium sp.,r,3,f
F4P1,May,2020,Camelina microcarpa,r,2,v
F4P2,May,2020,Acinos arvensis,r,2,v
F4P2,May,2020,Alyssum alyssoides,1,6,fl
F4P2,May,2020,Arenaria serpyllifolia,+,2,v
F4P2,May,2020,Centaurea stoebe,2a,7,v
F4P2,May,2020,Cerastium sp.,r,7,pfr
F4P2,May,2020,Echium vulgare,+,4,v
F4P2,May,2020,Lappula squarrosa,1,5,v
F4P2,May,2020,Medicago minima,+,1,v
F4P2,May,2020,Melica ciliata,+,7,fl
F4P2,May,2020,Teucrium chamaedrys,3,5,v
F4P2,May,2020,Bromus japonicus,1,13,fl
F4P3,May,2020,Alyssum alyssoides,+,9,fr
F4P3,May,2020,Dianthus pontederae,+,10,fl
F4P3,May,2020,Lappula squarrosa,r,1,s
F4P3,May,2020,Phleum phleoides,2a,5,v
F4P3,May,2020,Seseli osseum,+,3,v
F4P3,May,2020,Teucrium chamaedrys,2a,7,v
F4P3,May,2020,Verbascum lychnitis,+,4,v
F4P3,May,2020,Veronica praecox,+,6,pfr
F4P4,May,2020,Acinos arvensis,r,2,v
F4P4,May,2020,Alyssum alyssoides,+,5,fr
F4P4,May,2020,Arenaria serpyllifolia,+,4,fr
F4P4,May,2020,Bromus sp.,r,7,v
F4P4,May,2020,Dianthus pontederae,+,4,v
F4P4,May,2020,Medicago minima,1,2,v
F4P4,May,2020,Sedum album,+,4,v
F4P4,May,2020,Teucrium chamaedrys,2a,4,v
F4P4,May,2020,Trifolium arvense,r,1,v
F4P4,May,2020,Melica ciliata,+,11,v
F4P4,May,2020,Veronica praecox,+,3,fr
F4P4,May,2020,Poa bulbosa,+,12,v
F4P4,May,2020,Cerastium sp.,+,4,fr
F4P5,May,2020,Alyssum alyssoides,1,5,fl
F4P5,May,2020,Arenaria serpyllifolia,+,3,fr
F4P5,May,2020,Echium vulgare,+,5,fl
F4P5,May,2020,Potentilla incana,1,3,fr
F4P5,May,2020,Teucrium chamaedrys,2b,7,v
F4P5,May,2020,Veronica praecox,+,4,pfr
F4P5,May,2020,Bromus tectorum,1,18,fl
F4P5,May,2020,Arabis auriculata,r,10,pfr
F4P6,May,2020,Acinos arvensis,+,2,v
F4P6,May,2020,Alyssum alyssoides,+,2,fl
F4P6,May,2020,Echium vulgare,1,10,v
F4P6,May,2020,Medicago minima,+,1,v
F4P6,May,2020,Phleum phleoides,2a,6,v
F4P6,May,2020,Sedum album,2a,3,v
F4P6,May,2020,Teucrium chamaedrys,2a,5,v
F5P1,May,2020,Acinos arvensis,+,2,v
F5P1,May,2020,Alyssum alyssoides,+,2,fr
F5P1,May,2020,Dianthus pontederae,+,10,fl
F5P1,May,2020,Phleum phleoides,2a,5,v
F5P1,May,2020,Potentilla incana,1,4,fr
F5P1,May,2020,Sedum album,2a,3,v
F5P1,May,2020,Seseli osseum,+,3,v
F5P1,May,2020,Verbascum lychnitis,1,8,v
F5P1,May,2020,Bromus japonicus,r,10,v
F5P2,May,2020,Acinos arvensis,+,2,v
F5P2,May,2020,Arenaria serpyllifolia,r,2,fr
F5P2,May,2020,Arrhenatherum elatius,+,10,v
F5P2,May,2020,Camelina microcarpa,1,17,fl
F5P2,May,2020,Echium vulgare,1,5,v
F5P2,May,2020,Lappula squarrosa,+,4,v
F5P2,May,2020,Medicago minima,+,12,v
F5P2,May,2020,Melica ciliata,1,10,v
F5P2,May,2020,Sedum album,1,5,v
F5P2,May,2020,Teucrium chamaedrys,3,10,v
F5P2,May,2020,Alyssum alyssoides,+,2,v
F5P2,May,2020,Seseli osseum,r,2,v
F5P2,May,2020,Cerastium sp.,r,7,pfr
F5P3,May,2020,Acinos arvensis,+,1,s
F5P3,May,2020,Alyssum alyssoides,+,1,fr
F5P3,May,2020,Dianthus pontederae,+,2,v
F5P3,May,2020,Festuca csikhegyensis,+,9,fl
F5P3,May,2020,Koeleria macrantha,+,19,fl
F5P3,May,2020,Medicago minima,+,2,v
F5P3,May,2020,Minuartia rubra,r,2,v
F5P3,May,2020,Phleum phleoides,+,8,fl
F5P3,May,2020,Sedum album,1,3,v
F5P3,May,2020,Seseli osseum,+,9,v
F5P3,May,2020,Teucrium chamaedrys,2a,9,v
F5P3,May,2020,Bromus japonicus,r,4,v
F5P3,May,2020,Centaurea stoebe,r,2,v
F5P3,May,2020,Potentilla incana,3,5,fl
F5P4,May,2020,Alyssum alyssoides,+,1,v
F5P4,May,2020,Arenaria serpyllifolia,r,2,fr
F5P4,May,2020,Camelina microcarpa,+,3,v
F5P4,May,2020,Festuca valesiaca,+,10,fl
F5P4,May,2020,Potentilla incana,2b,6,fr
F5P4,May,2020,Sedum album,2a,2,v
F5P4,May,2020,Seseli osseum,1,10,v
F5P4,May,2020,Teucrium chamaedrys,+,7,v
F5P4,May,2020,Veronica praecox,+,3,pfr
F5P4,May,2020,Bromus sp.,+,10,v
F5P4,May,2020,Centaurea stoebe,r,1,s
F5P5,May,2020,Acinos arvensis,+,2,v
F5P5,May,2020,Alyssum alyssoides,+,2,v
F5P5,May,2020,Arenaria serpyllifolia,+,3,fr
F5P5,May,2020,Echium vulgare,2a,6,v
F5P5,May,2020,Medicago minima,+,2,v
F5P5,May,2020,Minuartia rubra,+,2,v
F5P5,May,2020,Potentilla incana,1,4,fr
F5P5,May,2020,Sedum album,+,2,v
F5P5,May,2020,Veronica praecox,r,3,fr
F5P5,May,2020,Melica ciliata,+,8,fr
F5P5,May,2020,Bromus japonicus,+,7,v
F5P5,May,2020,Holosteum umbellatum,r,2,fr
F5P5,May,2020,Lappula squarrosa,+,2,v
F5P6,May,2020,Acinos arvensis,+,2,v
F5P6,May,2020,Alyssum alyssoides,+,3,fr
F5P6,May,2020,Arenaria serpyllifolia,+,3,fr
F5P6,May,2020,Medicago minima,r,2,v
F5P6,May,2020,Potentilla incana,2a,4,fr
F5P6,May,2020,Camelina microcarpa,+,22,fr
F5P6,May,2020,Sedum album,2a,5,v
F5P6,May,2020,Verbascum lychnitis,2b,12,v
F5P6,May,2020,Echium vulgare,+,5,v
F5P6,May,2020,Melica ciliata,1,20,v
F5P6,May,2020,Bromus japonicus,+,8,v
F5P6,May,2020,Lappula squarrosa,+,2,v
F6P1,May,2020,Allium flavum,r,12,v
F6P1,May,2020,Arenaria serpyllifolia,+,2,v
F6P1,May,2020,Bromus japonicus,+,10,v
F6P1,May,2020,Echium vulgare,2a,5,v
F6P1,May,2020,Iris pumila,1,7,v
F6P1,May,2020,Medicago minima,+,2,v
F6P1,May,2020,Sedum album,2b,4,v
F6P1,May,2020,Teucrium chamaedrys,2a,4,v
F6P2,May,2020,Acinos arvensis,r,4,v
F6P2,May,2020,Arenaria serpyllifolia,+,3,fr
F6P2,May,2020,Bromus japonicus,+,3,v
F6P2,May,2020,Centaurea stoebe,1,10,v
F6P2,May,2020,Echium vulgare,2b,10,v
F6P2,May,2020,Holosteum umbellatum,+,3,fr
F6P2,May,2020,Medicago minima,+,1,v
F6P2,May,2020,Sedum album,1,5,v
F6P2,May,2020,Trifolium arvense,r,1,v
F6P2,May,2020,Arrhenatherum elatius,+,4,v
F6P3,May,2020,Acinos arvensis,+,1,v
F6P3,May,2020,Cerastium sp.,+,4,v
F6P3,May,2020,Echium vulgare,2b,9,v
F6P3,May,2020,Festuca valesiaca,r,8,v
F6P3,May,2020,Sedum album,2a,8,v
F6P3,May,2020,Teucrium chamaedrys,2a,5,v
F6P3,May,2020,Trifolium arvense,+,1,v
F6P4,May,2020,Achillea collina,r,5,v
F6P4,May,2020,Convolvulus arvensis,+,7,v
F6P4,May,2020,Echium vulgare,4,20,v
F6P4,May,2020,Euphorbia cyparissias,r,5,v
F6P4,May,2020,Galium glaucum,+,5,v
F6P4,May,2020,Medicago minima,+,2,v
F6P4,May,2020,Sedum album,+,5,v
F6P4,May,2020,Teucrium chamaedrys,1,5,v
F6P4,May,2020,Arrhenatherum elatius,+,12,v
F6P5,May,2020,Achillea collina,+,6,v
F6P5,May,2020,Acinos arvensis,r,1,v
F6P5,May,2020,Arenaria serpyllifolia,+,2,fr
F6P5,May,2020,Centaurea stoebe,1,4,v
F6P5,May,2020,Cerastium sp.,+,5,fr
F6P5,May,2020,Echium vulgare,1,8,v
F6P5,May,2020,Festuca valesiaca,1,10,v
F6P5,May,2020,Holosteum umbellatum,r,4,fr
F6P5,May,2020,Inula oculus-christi,+,6,v
F6P5,May,2020,Sedum album,2a,3,v
F6P5,May,2020,Teucrium chamaedrys,2a,4,v
F6P5,May,2020,Potentilla incana,+,3,fr
F6P5,May,2020,Trifolium arvense,+,2,v
F6P6,May,2020,Acinos arvensis,+,3,v
F6P6,May,2020,Arenaria serpyllifolia,r,3,fr
F6P6,May,2020,Arrhenatherum elatius,+,7,v
F6P6,May,2020,Cerastium sp.,r,5,pfr
F6P6,May,2020,Echium vulgare,2a,7,v
F6P6,May,2020,Inula oculus-christi,2a,5,v
F6P6,May,2020,Lamium amplexicaule,+,3,pfr
F6P6,May,2020,Sedum album,1,6,v
F6P6,May,2020,Teucrium chamaedrys,1,5,v
F6P6,May,2020,Veronica arvensis,+,3,fr
F6P6,May,2020,Veronica praecox,+,3,pfr
F6P6,May,2020,Melica ciliata,r,8,v
F6P6,May,2020,Bromus japonicus,r,2,v
F7P1,May,2020,Acinos arvensis,+,2,v
F7P1,May,2020,Arenaria serpyllifolia,r,2,v
F7P1,May,2020,Echium vulgare,1,3,v
F7P1,May,2020,Sedum album,+,4,v
F7P1,May,2020,Teucrium chamaedrys,3,6,v
F7P1,May,2020,Veronica praecox,+,4,fr
F7P1,May,2020,Arrhenatherum elatius,1,8,v
F7P1,May,2020,Bromus japonicus,+,7,v
F7P1,May,2020,Holosteum umbellatum,r,7,pfr
F7P1,May,2020,Phleum phleoides,r,2,v
F7P1,May,2020,Verbascum lychnitis,r,1,v
F7P2,May,2020,Acinos arvensis,+,2,v
F7P2,May,2020,Dianthus pontederae,+,9,fr
F7P2,May,2020,Echium vulgare,1,8,v
F7P2,May,2020,Lepidium campestre,r,1,v
F7P2,May,2020,Melica ciliata,+,6,v
F7P2,May,2020,Sedum album,+,3,v
F7P2,May,2020,Teucrium chamaedrys,2a,6,v
F7P2,May,2020,Bromus japonicus,+,9,v
F7P2,May,2020,Cerastium sp.,+,5,fr
F7P2,May,2020,Veronica praecox,r,4,fr
F7P3,May,2020,Arenaria serpyllifolia,+,1,v
F7P3,May,2020,Cerastium sp.,+,5,fr
F7P3,May,2020,Echium vulgare,2a,5,v
F7P3,May,2020,Geranium pusillum,+,5,fr
F7P3,May,2020,Hesperis tristis ,+,7,v
F7P3,May,2020,Lamium amplexicaule,+,3,fr
F7P3,May,2020,Potentilla incana,2a,4,v
F7P3,May,2020,Teucrium chamaedrys,2a,5,v
F7P3,May,2020,Acinos arvensis,r,1,v
F7P3,May,2020,Arrhenatherum elatius,+,6,v
F7P3,May,2020,Veronica praecox,r,4,fr
F7P3,May,2020,Valerianella locusta ,+,6,fr
F7P4,May,2020,Arenaria serpyllifolia,+,3,fr
F7P4,May,2020,Arrhenatherum elatius,2a,10,v
F7P4,May,2020,Bromus japonicus,+,7,v
F7P4,May,2020,Cerastium sp.,+,8,v
F7P4,May,2020,Echium vulgare,+,2,v
F7P4,May,2020,Medicago minima,+,2,v
F7P4,May,2020,Teucrium chamaedrys,2b,5,v
F7P4,May,2020,Valerianella locusta ,+,8,fr
F7P4,May,2020,Veronica praecox,r,4,fr
F7P5,May,2020,Acinos arvensis,+,1,v
F7P5,May,2020,Bromus sp.,+,3,v
F7P5,May,2020,Dianthus pontederae,+,13,fl
F7P5,May,2020,Echium vulgare,2a,7,v
F7P5,May,2020,Galium glaucum,+,3,v
F7P5,May,2020,Medicago minima,+,1,v
F7P5,May,2020,Potentilla incana,2a,4,fr
F7P5,May,2020,Sedum album,1,3,v
F7P5,May,2020,Teucrium chamaedrys,1,3,v
F7P6,May,2020,Acinos arvensis,r,1,s
F7P6,May,2020,Cerastium sp.,r,3,fr
F7P6,May,2020,Dianthus pontederae,+,4,v
F7P6,May,2020,Echium vulgare,1,8,v
F7P6,May,2020,Medicago minima,r,1,v
F7P6,May,2020,Sedum album,1,9,v
F7P6,May,2020,Teucrium chamaedrys,2a,4,v
F7P6,May,2020,Arrhenatherum elatius,+,6,v
F1P1,May,2021,Acinos arvensis,+,3,v
F1P1,May,2021,Alyssum alyssoides,+,4,fl
F1P1,May,2021,Cerastium sp.,+,4,fr
F1P1,May,2021,Erodium cicutarium,+,1,s
F1P1,May,2021,Festuca valesiaca,2b,20,fl
F1P1,May,2021,Medicago minima,1,2,fl
F1P1,May,2021,Phleum phleoides,2a,17,v
F1P1,May,2021,Potentilla incana,1,6,fr
F1P1,May,2021,Teucrium chamaedrys,1,8,s
F1P1,May,2021,Verbascum lychnitis,2b,20,v
F1P1,May,2021,Melica ciliata,r,5,v
F1P2,May,2021,Acinos arvensis,+,5,v
F1P2,May,2021,Arenaria serpyllifolia,+,3,fr
F1P2,May,2021,Arrhenatherum elatius,1,58,fr
F1P2,May,2021,Cerastium sp.,+,12,fr
F1P2,May,2021,Festuca valesiaca,2b,30,fr
F1P2,May,2021,Medicago minima,1,4,v
F1P2,May,2021,Phleum phleoides,1,18,v
F1P2,May,2021,Teucrium chamaedrys,3,8,s
F1P2,May,2021,Trifolium,+,7,s
F1P2,May,2021,Verbascum lychnitis,2b,15,v
F1P2,May,2021,Veronica arvensis,+,7,fr
F1P2,May,2021,Viola tricolor subsp. saxatilis,r,9,fl
F1P3,May,2021,Acinos arvensis,1,6,v
F1P3,May,2021,Alyssum alyssoides,+,5,fr
F1P3,May,2021,Arenaria serpyllifolia,1,6,fr
F1P3,May,2021,Arrhenatherum elatius,2a,50,fl
F1P3,May,2021,Buglossoides incrassata,+,26,fr
F1P3,May,2021,Carex praecox,+,9,fl
F1P3,May,2021,Centaurea stoebe,+,9,v
F1P3,May,2021,Cerastium sp.,+,10,fr
F1P3,May,2021,Echium vulgare,r,4,s
F1P3,May,2021,Elymus hispidus,+,15,s
F1P3,May,2021,Festuca valesiaca,2a,32,fl
F1P3,May,2021,Geranium pusillum,r,2,v
F1P3,May,2021,Teucrium chamaedrys,2b,10,s
F1P3,May,2021,Trifolium arvense,+,4,s
F1P3,May,2021,Trifolium campestre,+,2,s
F1P3,May,2021,Viola tricolor subsp. saxatilis,+,9,fl
F1P3,May,2021,Veronica arvensis,+,8,fr
F1P3,May,2021,Veronica praecox,r,2,fr
F1P4,May,2021,Alyssum alyssoides,+,7,fr
F1P4,May,2021,Arabis auriculata,+,15,fr
F1P4,May,2021,Arenaria serpyllifolia,r,3,v
F1P4,May,2021,Arrhenatherum elatius,3,60,fl
F1P4,May,2021,Artemisia absinthium,r,1,s
F1P4,May,2021,Carex praecox,1,20,fl
F1P4,May,2021,Carex supina,+,18,fl
F1P4,May,2021,Cerastium sp.,r,13,fr
F1P4,May,2021,Convolvulus arvensis,+,15,v
F1P4,May,2021,Elymus hispidus,1,30,v
F1P4,May,2021,Festuca valesiaca,r,3,v
F1P4,May,2021,Geranium pusillum,r,3,v
F1P4,May,2021,Teucrium chamaedrys,2b,10,v
F1P4,May,2021,Thymus praecox,1,11,fl
F1P4,May,2021,Trifolium arvense,+,7,v
F1P4,May,2021,Trifolium campestre,+,3,v
F1P4,May,2021,Bromus japonicus,+,10,v
F1P4,May,2021,Phleum phleoides,r,3,v
F1P5,May,2021,Achillea collina,+,16,v
F1P5,May,2021,Acinos arvensis,+,4,v
F1P5,May,2021,Alyssum alyssoides,+,10,fr
F1P5,May,2021,Arabis auriculata,+,16,fr
F1P5,May,2021,Arenaria serpyllifolia,+,6,fr
F1P5,May,2021,Arrhenatherum elatius,+,27,fr
F1P5,May,2021,Artemisia campestris,2b,15,v
F1P5,May,2021,Carex praecox,1,16,fl
F1P5,May,2021,Carex supina,+,10,fr
F1P5,May,2021,Convolvulus arvensis,+,14,v
F1P5,May,2021,Elymus hispidus,+,23,v
F1P5,May,2021,Geranium pusillum,+,3,fl
F1P5,May,2021,Hesperis tristis,+,26,fl
F1P5,May,2021,Holosteum umbellatum,+,10,fr
F1P5,May,2021,Medicago minima,+,10,fl
F1P5,May,2021,Phleum phleoides,2a,20,fl
F1P5,May,2021,Poa angustifolia,1,35,fl
F1P5,May,2021,Ranunculus illyricus,+,9,v
F1P5,May,2021,Teucrium chamaedrys,3,10,v
F1P5,May,2021,Trifolium arvense,2a,8,v
F1P5,May,2021,Veronica arvensis,+,6,fl
F1P6,May,2021,Acinos arvensis,1,11,v
F1P6,May,2021,Arabis auriculata,+,29,fr
F1P6,May,2021,Arenaria serpyllifolia,1,5,fr
F1P6,May,2021,Artemisia absinthium,1,14,v
F1P6,May,2021,Carex praecox,1,16,fl
F1P6,May,2021,Centaurea stoebe,+,3,v
F1P6,May,2021,Cerastium sp.,+,9,fr
F1P6,May,2021,Convolvulus arvensis,1,9,v
F1P6,May,2021,Festuca valesiaca,1,17,fl
F1P6,May,2021,Geranium pusillum,+,4,fl
F1P6,May,2021,Medicago minima,1,6,fl
F1P6,May,2021,Phleum phleoides,+,2,v
F1P6,May,2021,Saxifraga tridactylites,+,6,fr
F1P6,May,2021,Teucrium chamaedrys,3,6,v
F1P6,May,2021,Trifolium arvense,+,5,v
F1P6,May,2021,Veronica arvensis,+,8,fl
F1P6,May,2021,Poa bulbosa,+,2,v
F1P6,May,2021,Trifolium campestre,+,4,fl
F2P1,May,2021,Alyssum alyssoides,1,8,fr
F2P1,May,2021,Bromus sp.,1,20,fl
F2P1,May,2021,Camelina microcarpa,+,9,v
F2P1,May,2021,Echium vulgare,1,18,v
F2P1,May,2021,Lotus corniculatus,2a,7,fl
F2P1,May,2021,Medicago minima,+,7,fl
F2P1,May,2021,Melica ciliata,1,20,v
F2P1,May,2021,Phleum phleoides,2a,15,fl
F2P1,May,2021,Potentilla incana,3,7,fr
F2P1,May,2021,Sedum album,1,6,v
F2P1,May,2021,Teucrium chamaedrys,1,7,v
F2P1,May,2021,Verbascum lychnitis,2a,7,v
F2P1,May,2021,Convolvulus arvensis,+,3,v
F2P1,May,2021,Centaurea stoebe,r,5,v
F2P1,May,2021,Erodium cicutarium,r,1,s
F2P2,May,2021,Acinos arvensis,+,6,v
F2P2,May,2021,Alyssum alyssoides,+,7,fl
F2P2,May,2021,Arenaria serpyllifolia,+,4,fl
F2P2,May,2021,Bromus tectorum,2a,20,fl
F2P2,May,2021,Centaurea stoebe,1,12,v
F2P2,May,2021,Medicago minima,2a,3,fl
F2P2,May,2021,Phleum phleoides,2b,15,fl
F2P2,May,2021,Teucrium chamaedrys,3,7,v
F2P2,May,2021,Trifolium arvense,+,7,v
F2P2,May,2021,Cerastium sp.,r,7,fl
F2P3,May,2021,Alyssum alyssoides,+,7,fl
F2P3,May,2021,Arenaria serpyllifolia,+,10,fl
F2P3,May,2021,Bromus tectorum,1,22,v
F2P3,May,2021,Camelina microcarpa,+,30,fl
F2P3,May,2021,Carex supina,2b,17,fr
F2P3,May,2021,Centaurea stoebe,+,7,v
F2P3,May,2021,Festuca valesiaca,2b,30,fl
F2P3,May,2021,Medicago minima,1,7,fl
F2P3,May,2021,Phleum phleoides,2a,17,v
F2P3,May,2021,Teucrium chamaedrys,2a,13,v
F2P3,May,2021,Veronica praecox,r,2,fr
F2P4,May,2021,Acinos arvensis,1,6,v
F2P4,May,2021,Alyssum alyssoides,+,12,fl
F2P4,May,2021,Arenaria serpyllifolia,+,5,v
F2P4,May,2021,Artemisia absinthium,1,5,v
F2P4,May,2021,Camelina microcarpa,+,13,fl
F2P4,May,2021,Carex supina,1,15,fr
F2P4,May,2021,Cerastium sp.,r,7,fr
F2P4,May,2021,Festuca valesiaca,+,25,fl
F2P4,May,2021,Medicago minima,1,4,fl
F2P4,May,2021,Melica ciliata,+,15,v
F2P4,May,2021,Seseli osseum,+,8,v
F2P4,May,2021,Teucrium chamaedrys,3,10,v
F2P4,May,2021,Trifolium arvense,+,5,v
F2P4,May,2021,Veronica praecox,r,5,fr
F2P4,May,2021,Bromus japonicus,2a,17,fl
F2P5,May,2021,Acinos arvensis,+,2,v
F2P5,May,2021,Alyssum alyssoides,+,5,v
F2P5,May,2021,Arabis auriculata,+,6,fr
F2P5,May,2021,Arenaria serpyllifolia,1,4,fl
F2P5,May,2021,Artemisia absinthium,1,7,v
F2P5,May,2021,Bromus japonicus,+,5,v
F2P5,May,2021,Camelina microcarpa,+,22,fl
F2P5,May,2021,Festuca valesiaca,+,35,fl
F2P5,May,2021,Medicago minima,2a,3,fl
F2P5,May,2021,Melica ciliata,1,20,v
F2P5,May,2021,Phleum phleoides,+,3,v
F2P5,May,2021,Teucrium chamaedrys,+,7,v
F2P5,May,2021,Centaurea stoebe,+,5,v
F2P6,May,2021,Acinos arvensis,1,5,v
F2P6,May,2021,Alyssum alyssoides,1,10,fl
F2P6,May,2021,Arenaria serpyllifolia,1,7,fl
F2P6,May,2021,Camelina microcarpa,+,17,fl
F2P6,May,2021,Cerastium sp.,+,7,fr
F2P6,May,2021,Echium vulgare,+,3,v
F2P6,May,2021,Medicago minima,2b,7,fl
F2P6,May,2021,Poa bulbosa,+,15,fr
F2P6,May,2021,Saxifraga tridactylites,+,5,fr
F2P6,May,2021,Teucrium chamaedrys,2b,7,v
F2P6,May,2021,Verbascum lychnitis,+,4,v
F2P6,May,2021,Bromus japonicus,1,13,fl
F2P6,May,2021,Bromus tectorum,r,11,fr
F2P6,May,2021,Festuca valesiaca,+,2,v
F2P6,May,2021,Phleum phleoides,+,4,v
F3P1,May,2021,Acinos arvensis,+,2,v
F3P1,May,2021,Alyssum alyssoides,+,3,fr
F3P1,May,2021,Arenaria serpyllifolia,1,4,fr
F3P1,May,2021,Arrhenatherum elatius,2a,40,fl
F3P1,May,2021,Bromus japonicus,+,6,v
F3P1,May,2021,Centaurea stoebe,+,4,v
F3P1,May,2021,Cerastium sp.,+,2,fr
F3P1,May,2021,Dianthus pontederae,+,24,fl
F3P1,May,2021,Festuca valesiaca,+,4,s
F3P1,May,2021,Koeleria macrantha,2b,29,fl
F3P1,May,2021,Medicago minima,2a,4,fl
F3P1,May,2021,Potentilla incana,2a,4,fr
F3P1,May,2021,Sedum album,+,4,v
F3P1,May,2021,Trifolium arvense,+,2,v
F3P1,May,2021,Verbascum lychnitis,1,6,v
F3P1,May,2021,Veronica praecox,+,4,fr
F3P1,May,2021,Melica ciliata,+,10,v
F3P1,May,2021,Arabis auriculata,r,4,fr
F3P2,May,2021,Acinos arvensis,+,3,v
F3P2,May,2021,Alyssum alyssoides,+,5,fr
F3P2,May,2021,Arenaria serpyllifolia,+,4,fr
F3P2,May,2021,Arrhenatherum elatius,+,24,v
F3P2,May,2021,Buglossoides incrassata,+,6,fr
F3P2,May,2021,Festuca valesiaca,1,32,fl
F3P2,May,2021,Galium glaucum,+,14,fl
F3P2,May,2021,Medicago minima,+,4,v
F3P2,May,2021,Potentilla incana,4,5,fr
F3P2,May,2021,Saxifraga tridactylites,+,4,fr
F3P2,May,2021,Sedum album,1,3,v
F3P2,May,2021,Verbascum lychnitis,1,12,v
F3P2,May,2021,Achillea collina,+,7,v
F3P2,May,2021,Centaurea stoebe,+,2,v
F3P3,May,2021,Acinos arvensis,+,7,v
F3P3,May,2021,Alyssum alyssoides,+,4,fr
F3P3,May,2021,Arenaria serpyllifolia,+,4,fr
F3P3,May,2021,Arrhenatherum elatius,+,11,v
F3P3,May,2021,Bromus japonicus,+,6,v
F3P3,May,2021,Cerastium sp.,+,8,fr
F3P3,May,2021,Festuca valesiaca,+,2,v
F3P3,May,2021,Koeleria macrantha,2a,22,fl
F3P3,May,2021,Medicago minima,1,3,fl
F3P3,May,2021,Melica ciliata,1,15,v
F3P3,May,2021,Minuartia rubra,+,2,v
F3P3,May,2021,Phleum phleoides,r,3,v
F3P3,May,2021,Saxifraga tridactylites,+,4,fr
F3P3,May,2021,Sedum album,2a,5,v
F3P3,May,2021,Taraxacum sect. Erythrosperma,+,3,v
F3P3,May,2021,Trifolium arvense,+,5,v
F3P3,May,2021,Verbascum lychnitis,2a,8,v
F3P3,May,2021,Veronica prostrata,2a,8,fl
F3P3,May,2021,Teucrium chamaedrys,+,7,v
F3P3,May,2021,Centaurea stoebe,+,3,v
F3P3,May,2021,Seseli osseum,r,3,v
F3P4,May,2021,Acinos arvensis,2a,6,v
F3P4,May,2021,Alyssum alyssoides,+,3,fr
F3P4,May,2021,Arenaria serpyllifolia,+,4,fr
F3P4,May,2021,Arrhenatherum elatius,+,25,fl
F3P4,May,2021,Centaurea stoebe,+,3,v
F3P4,May,2021,Cerastium sp.,+,6,fr
F3P4,May,2021,Festuca valesiaca,2b,25,fl
F3P4,May,2021,Galium verum,+,7,v
F3P4,May,2021,Medicago minima,1,4,v
F3P4,May,2021,Melica ciliata,+,10,v
F3P4,May,2021,Potentilla incana,2b,6,fr
F3P4,May,2021,Sedum album,1,4,v
F3P4,May,2021,Teucrium chamaedrys,2b,8,v
F3P4,May,2021,Bromus japonicus,+,9,v
F3P4,May,2021,Phleum phleoides,r,2,v
F3P5,May,2021,Acinos arvensis,+,3,v
F3P5,May,2021,Allium flavum,r,16,v
F3P5,May,2021,Alyssum alyssoides,+,5,fl
F3P5,May,2021,Arenaria serpyllifolia,+,4,fl
F3P5,May,2021,Centaurea stoebe,+,3,v
F3P5,May,2021,Cerastium sp.,+,5,fr
F3P5,May,2021,Festuca valesiaca,2a,38,fl
F3P5,May,2021,Galium glaucum,+,8,v
F3P5,May,2021,Lappula squarrosa,r,4,v
F3P5,May,2021,Medicago minima,1,3,v
F3P5,May,2021,Melica ciliata,2a,18,v
F3P5,May,2021,Saxifraga tridactylites,+,6,fr
F3P5,May,2021,Teucrium chamaedrys,2b,6,v
F3P5,May,2021,Arabis auriculata,r,7,fr
F3P5,May,2021,Minuartia rubra,+,3,v
F3P6,May,2021,Acinos arvensis,+,3,v
F3P6,May,2021,Alyssum alyssoides,+,8,fr
F3P6,May,2021,Arenaria serpyllifolia,+,3,fr
F3P6,May,2021,Arrhenatherum elatius,1,40,fl
F3P6,May,2021,Centaurea stoebe,1,3,v
F3P6,May,2021,Cerastium sp.,+,5,fr
F3P6,May,2021,Dianthus pontederae,+,20,fl
F3P6,May,2021,Festuca valesiaca,2b,30,fl
F3P6,May,2021,Medicago minima,1,3,v
F3P6,May,2021,Melica ciliata,5,8,v
F3P6,May,2021,Poa bulbosa,r,4,v
F3P6,May,2021,Sedum album,1,2,v
F4P1,May,2021,Acinos arvensis,+,2,v
F4P1,May,2021,Arabis auriculata,r,8,fr
F4P1,May,2021,Arenaria serpyllifolia,1,5,fl
F4P1,May,2021,Bromus japonicus,+,7,fl
F4P1,May,2021,Camelina microcarpa,+,13,fl
F4P1,May,2021,Centaurea stoebe,+,3,v
F4P1,May,2021,Cerastium sp.,+,7,fr
F4P1,May,2021,Festuca valesiaca,+,1,v
F4P1,May,2021,Koeleria macrantha,2b,25,fl
F4P1,May,2021,Medicago minima,1,3,v
F4P1,May,2021,Melica ciliata,+,8,v
F4P1,May,2021,Minuartia rubra,r,2,v
F4P1,May,2021,Potentilla incana,1,5,v
F4P1,May,2021,Saxifraga tridactylites,+,5,fr
F4P1,May,2021,Sedum album,1,4,v
F4P1,May,2021,Seseli osseum,1,35,v
F4P1,May,2021,Teucrium chamaedrys,2a,8,v
F4P1,May,2021,Alyssum alyssoides,+,5,fl
F4P1,May,2021,Trifolium campestre,1,5,v
F4P2,May,2021,Acinos arvensis,+,10,v
F4P2,May,2021,Alyssum alyssoides,+,10,fl
F4P2,May,2021,Arabis auriculata,+,5,fr
F4P2,May,2021,Arenaria serpyllifolia,+,4,fl
F4P2,May,2021,Bromus japonicus,3,16,fl
F4P2,May,2021,Camelina microcarpa,r,10,fl
F4P2,May,2021,Centaurea stoebe,+,24,v
F4P2,May,2021,Cerastium sp.,+,5,fr
F4P2,May,2021,Melica ciliata,+,10,v
F4P2,May,2021,Saxifraga tridactylites,r,4,fr
F4P2,May,2021,Sedum album,+,7,v
F4P2,May,2021,Seseli osseum,+,10,v
F4P2,May,2021,Teucrium chamaedrys,3,8,v
F4P2,May,2021,Verbascum lychnitis,+,1,v
F4P2,May,2021,Bromus tectorum,+,20,fl
F4P3,May,2021,Acinos arvensis,+,2,v
F4P3,May,2021,Alyssum alyssoides,+,6,fr
F4P3,May,2021,Arabis auriculata,+,7,fr
F4P3,May,2021,Arenaria serpyllifolia,+,4,fr
F4P3,May,2021,Bromus japonicus,+,16,fr
F4P3,May,2021,Centaurea stoebe,+,3,v
F4P3,May,2021,Dianthus pontederae,+,14,fl
F4P3,May,2021,Festuca valesiaca,+,5,v
F4P3,May,2021,Medicago minima,1,4,fl
F4P3,May,2021,Phleum phleoides,2b,2b,v
F4P3,May,2021,Saxifraga tridactylites,+,4,fr
F4P3,May,2021,Sedum album,+,3,v
F4P3,May,2021,Cerastium sp.,+,7,fr
F4P3,May,2021,Seseli osseum,1,8,v
F4P3,May,2021,Teucrium chamaedrys,2b,10,v
F4P3,May,2021,Verbascum lychnitis,1,10,v
F4P3,May,2021,Veronica praecox,+,3,fr
F4P3,May,2021,Poa bulbosa,+,2,v
F4P3,May,2021,Minuartia rubra,r,1,v
F4P4,May,2021,Acinos arvensis,+,2,v
F4P4,May,2021,Alyssum alyssoides,1,5,fr
F4P4,May,2021,Arenaria serpyllifolia,+,8,fl
F4P4,May,2021,Bromus sp.,1,17,v
F4P4,May,2021,Cerastium sp.,+,3,fr
F4P4,May,2021,Dianthus pontederae,1,25,fl
F4P4,May,2021,Festuca valesiaca,r,5,v
F4P4,May,2021,Medicago minima,2a,6,fl
F4P4,May,2021,Melica ciliata,1,18,v
F4P4,May,2021,Poa bulbosa,+,25,fr
F4P4,May,2021,Saxifraga tridactylites,r,3,fr
F4P4,May,2021,Seseli osseum,r,2,s
F4P4,May,2021,Teucrium chamaedrys,2b,6,v
F4P4,May,2021,Trifolium arvense,1,5,v
F4P4,May,2021,Phleum phleoides,+,2,v
F4P4,May,2021,Centaurea stoebe,+,3,v
F4P5,May,2021,Alyssum alyssoides,+,4,fr
F4P5,May,2021,Arenaria serpyllifolia,+,4,fl
F4P5,May,2021,Bromus tectorum,+,20,fl
F4P5,May,2021,Centaurea stoebe,+,7,v
F4P5,May,2021,Cerastium sp.,+,6,fr
F4P5,May,2021,Fragaria viridis,1,10,v
F4P5,May,2021,Medicago minima,1,7,fl
F4P5,May,2021,Minuartia rubra,r,2,v
F4P5,May,2021,Phleum phleoides,1,15,fl
F4P5,May,2021,Potentilla incana,2a,5,fr
F4P5,May,2021,Teucrium chamaedrys,3,7,v
F4P5,May,2021,Bromus japonicus,2a,20,fl
F4P6,May,2021,Acinos arvensis,+,4,v
F4P6,May,2021,Alyssum alyssoides,1,5,fr
F4P6,May,2021,Arabis auriculata,r,6,fr
F4P6,May,2021,Arenaria serpyllifolia,+,4,fl
F4P6,May,2021,Lappula squarrosa,1,4,v
F4P6,May,2021,Bromus japonicus,+,8,fl
F4P6,May,2021,Centaurea stoebe,+,4,v
F4P6,May,2021,Cerastium sp.,+,5,fr
F4P6,May,2021,Echium vulgare,+,2,v
F4P6,May,2021,Festuca valesiaca,r,3,v
F4P6,May,2021,Medicago minima,1,3,fl
F4P6,May,2021,Minuartia rubra,+,5,v
F4P6,May,2021,Phleum phleoides,2b,20,v
F4P6,May,2021,Sedum album,1,4,v
F4P6,May,2021,Teucrium chamaedrys,2b,7,v
F4P6,May,2021,Verbascum lychnitis,r,2,v
F5P1,May,2021,Alyssum alyssoides,+,5,fr
F5P1,May,2021,Arenaria serpyllifolia,+,3,fr
F5P1,May,2021,Bromus japonicus,+,11,fr
F5P1,May,2021,Centaurea stoebe,+,5,v
F5P1,May,2021,Dianthus pontederae,+,9,fl
F5P1,May,2021,Echium vulgare,+,2,v
F5P1,May,2021,Festuca valesiaca,+,2,v
F5P1,May,2021,Holosteum umbellatum,+,5,fr
F5P1,May,2021,Medicago minima,1,3,v
F5P1,May,2021,Minuartia rubra,+,2,v
F5P1,May,2021,Phleum phleoides,2b,10,v
F5P1,May,2021,Potentilla incana,2a,4,fr
F5P1,May,2021,Sedum album,2a,3,v
F5P1,May,2021,Seseli osseum,1,8,v
F5P1,May,2021,Verbascum lychnitis,2a,7,v
F5P1,May,2021,Saxifraga tridactylites,r,4,fr
F5P1,May,2021,Cerastium sp.,r,4,fr
F5P2,May,2021,Acinos arvensis,+,3,v
F5P2,May,2021,Alyssum alyssoides,1,9,fl
F5P2,May,2021,Arabis auriculata,+,9,fr
F5P2,May,2021,Arenaria serpyllifolia,+,5,fr
F5P2,May,2021,Arrhenatherum elatius,1,31,fl
F5P2,May,2021,Bromus japonicus,+,13,fl
F5P2,May,2021,Camelina microcarpa,+,19,fl
F5P2,May,2021,Centaurea stoebe,+,9,v
F5P2,May,2021,Cerastium sp.,+,5,fr
F5P2,May,2021,Echium vulgare,2a,9,v
F5P2,May,2021,Festuca valesiaca,+,+,v
F5P2,May,2021,Lamium amplexicaule,+,6,fr
F5P2,May,2021,Lappula squarrosa,+,2,v
F5P2,May,2021,Medicago minima,2a,9,fl
F5P2,May,2021,Melica ciliata,+,10,v
F5P2,May,2021,Minuartia rubra,+,11,v
F5P2,May,2021,Sedum album,1,4,v
F5P2,May,2021,Seseli osseum,+,8,v
F5P2,May,2021,Teucrium chamaedrys,3,9,v
F5P2,May,2021,Veronica praecox,+,5,fr
F5P2,May,2021,Cerastium sp.,+,7,fr
F5P2,May,2021,Potentilla incana,1,4,fr
F5P3,May,2021,Acinos arvensis,+,3,v
F5P3,May,2021,Alyssum alyssoides,+,6,fr
F5P3,May,2021,Alyssum montanum subsp. gmelinii,+,6,fr
F5P3,May,2021,Arenaria serpyllifolia,+,4,fr
F5P3,May,2021,Bromus japonicus,+,11,fl
F5P3,May,2021,Centaurea stoebe,1,26,v
F5P3,May,2021,Dianthus pontederae,+,18,fl
F5P3,May,2021,Festuca valesiaca,1,20,fl
F5P3,May,2021,Holosteum umbellatum,+,8,fr
F5P3,May,2021,Koeleria macrantha,1,25,fl
F5P3,May,2021,Medicago minima,+,7,fl
F5P3,May,2021,Phleum phleoides,+,7,fl
F5P3,May,2021,Potentilla incana,3,4,fr
F5P3,May,2021,Seseli osseum,1,8,v
F5P3,May,2021,Teucrium chamaedrys,2a,7,v
F5P3,May,2021,Lappula squarrosa,+,2,v
F5P3,May,2021,Cerastium sp.,+,5,fr
F5P3,May,2021,Arrhenatherum elatius,r,12,v
F5P3,May,2021,Echium vulgare,r,2,v
F5P4,May,2021,Alyssum alyssoides,+,8,fr
F5P4,May,2021,Arenaria serpyllifolia,+,4,fr
F5P4,May,2021,Bromus japonicus,+,16,fl
F5P4,May,2021,Bromus tectorum,+,14,fl
F5P4,May,2021,Camelina microcarpa,+,15,v
F5P4,May,2021,Centaurea stoebe,+,15,v
F5P4,May,2021,Festuca valesiaca,+,22,fl
F5P4,May,2021,Holosteum umbellatum,+,5,fr
F5P4,May,2021,Medicago minima,+,3,fl
F5P4,May,2021,Phleum phleoides,+,10,v
F5P4,May,2021,Potentilla incana,3,5,fr
F5P4,May,2021,Sedum album,2a,3,v
F5P4,May,2021,Seseli osseum,1,8,v
F5P4,May,2021,Teucrium chamaedrys,+,6,v
F5P4,May,2021,Veronica praecox,+,2,fr
F5P4,May,2021,Cerastium sp.,r,3,fr
F5P5,May,2021,Acinos arvensis,+,2,v
F5P5,May,2021,Allium flavum,r,16,v
F5P5,May,2021,Alyssum alyssoides,1,6,fr
F5P5,May,2021,Arenaria serpyllifolia,+,3,fr
F5P5,May,2021,Bromus japonicus,1,12,fl
F5P5,May,2021,Camelina microcarpa,+,7,fl
F5P5,May,2021,Centaurea stoebe,1,7,v
F5P5,May,2021,Cerastium sp.,+,7,fr
F5P5,May,2021,Echium vulgare,2a,6,v
F5P5,May,2021,Medicago minima,2a,2,v
F5P5,May,2021,Melica ciliata,1,20,v
F5P5,May,2021,Minuartia rubra,+,1,v
F5P5,May,2021,Potentilla incana,2b,4,fr
F5P5,May,2021,Saxifraga tridactylites,+,6,fr
F5P5,May,2021,Sedum album,1,2,v
F5P5,May,2021,Seseli osseum,+,7,v
F5P5,May,2021,Viola tricolor subsp. saxatilis,r,1,v
F5P5,May,2021,Phleum phleoides,r,1,v
F5P5,May,2021,Koeleria macrantha,r,2,v
F5P6,May,2021,Acinos arvensis,+,6,v
F5P6,May,2021,Alyssum alyssoides,+,4,fl
F5P6,May,2021,Arenaria serpyllifolia,+,5,fr
F5P6,May,2021,Arrhenatherum elatius,+,15,v
F5P6,May,2021,Bromus japonicus,+,8,v
F5P6,May,2021,Camelina microcarpa,+,5,fl
F5P6,May,2021,Centaurea stoebe,+,6,v
F5P6,May,2021,Echium vulgare,+,3,v
F5P6,May,2021,Lappula squarrosa,r,1,v
F5P6,May,2021,Medicago minima,1,4,fl
F5P6,May,2021,Melica ciliata,2a,25,v
F5P6,May,2021,Minuartia rubra,+,2,v
F5P6,May,2021,Potentilla incana,3,4,fr
F5P6,May,2021,Sedum album,2a,6,v
F5P6,May,2021,Seseli osseum,+,3,v
F5P6,May,2021,Tragopogon dubius,+,10,v
F5P6,May,2021,Verbascum lychnitis,2a,8,v
F5P6,May,2021,Veronica praecox,+,3,v
F5P6,May,2021,Poa bulbosa,r,2,v
F6P1,May,2021,Acinos arvensis,+,2,v
F6P1,May,2021,Allium flavum,r,27,v
F6P1,May,2021,Arenaria serpyllifolia,1,4,fl
F6P1,May,2021,Bromus japonicus,1,13,fl
F6P1,May,2021,Buglossoides incrassata,+,15,fr
F6P1,May,2021,Centaurea stoebe,2a,7,v
F6P1,May,2021,Cerastium sp.,+,8,fr
F6P1,May,2021,Iris pumila,1,12,v
F6P1,May,2021,Lamium amplexicaule,r,5,fr
F6P1,May,2021,Lepidium campestre,+,8,fl
F6P1,May,2021,Medicago minima,+,4,v
F6P1,May,2021,Microthlaspi perfoliatum,+,6,fr
F6P1,May,2021,Ranunculus illyricus,r,6,v
F6P1,May,2021,Sedum album,2b,5,v
F6P1,May,2021,Teucrium chamaedrys,2b,7,v
F6P1,May,2021,Melica ciliata,+,10,v
F6P2,May,2021,Acinos arvensis,+,2,v
F6P2,May,2021,Alyssum montanum subsp. gmelinii,1,7,fl
F6P2,May,2021,Arenaria serpyllifolia,1,4,fr
F6P2,May,2021,Arrhenatherum elatius,1,30,fl
F6P2,May,2021,Bromus japonicus,+,8,v
F6P2,May,2021,Centaurea stoebe,2a,30,v
F6P2,May,2021,Erodium cicutarium,r,1,v
F6P2,May,2021,Geranium pusillum,+,4,fr
F6P2,May,2021,Holosteum umbellatum,+,9,fr
F6P2,May,2021,Lamium amplexicaule,+,5,fr
F6P2,May,2021,Lepidium campestre,+,8,fl
F6P2,May,2021,Medicago minima,2b,4,fl
F6P2,May,2021,Microthlaspi perfoliatum,+,7,fr
F6P2,May,2021,Ranunculus illyricus,+,4,v
F6P2,May,2021,Sedum album,2a,5,v
F6P2,May,2021,Teucrium chamaedrys,1,6,v
F6P2,May,2021,Trifolium arvense,+,4,v
F6P2,May,2021,Veronica praecox,+,3,fr
F6P2,May,2021,Cerastium sp.,+,8,fr
F6P2,May,2021,Melica ciliata,+,10,v
F6P3,May,2021,Acinos arvensis,2a,7,v
F6P3,May,2021,Arenaria serpyllifolia,1,4,fr
F6P3,May,2021,Arrhenatherum elatius,+,10,v
F6P3,May,2021,Bromus japonicus,+,9,fl
F6P3,May,2021,Buglossoides incrassata,+,8,fr
F6P3,May,2021,Centaurea stoebe,2a,5,v
F6P3,May,2021,Cerastium sp.,+,8,fr
F6P3,May,2021,Erodium cicutarium,+,1,v
F6P3,May,2021,Festuca valesiaca,1,22,fl
F6P3,May,2021,Holosteum umbellatum,+,12,fr
F6P3,May,2021,Lepidium campestre,+,14,fr
F6P3,May,2021,Medicago minima,1,2,v
F6P3,May,2021,Microthlaspi perfoliatum,+,6,fr
F6P3,May,2021,Sedum album,2b,5,v
F6P3,May,2021,Teucrium chamaedrys,2b,9,v
F6P3,May,2021,Trifolium arvense,+,3,v
F6P3,May,2021,Veronica arvensis,+,2,fl
F6P3,May,2021,Viola tricolor subsp. saxatilis,r,3,fr
F6P3,May,2021,Melica ciliata,+,5,v
F6P4,May,2021,Achillea collina,+,15,v
F6P4,May,2021,Acinos arvensis,r,2,v
F6P4,May,2021,Arenaria serpyllifolia,+,5,fl
F6P4,May,2021,Arrhenatherum elatius,2a,50,fl
F6P4,May,2021,Buglossoides incrassata,r,15,fr
F6P4,May,2021,Centaurea stoebe,2a,40,v
F6P4,May,2021,Cerastium sp.,+,11,fr
F6P4,May,2021,Convolvulus arvensis,+,6,v
F6P4,May,2021,Euphorbia cyparissias,1,11,fl
F6P4,May,2021,Galium glaucum,1,25,fl
F6P4,May,2021,Geranium pusillum,+,7,v
F6P4,May,2021,Holosteum umbellatum,+,11,fr
F6P4,May,2021,Lepidium campestre,+,12,fl
F6P4,May,2021,Medicago minima,1,7,fl
F6P4,May,2021,Microthlaspi perfoliatum,r,11,fr
F6P4,May,2021,Ranunculus illyricus,+,9,v
F6P4,May,2021,Sedum album,2a,3,v
F6P4,May,2021,Teucrium chamaedrys,2b,8,v
F6P4,May,2021,Trifolium arvense,+,4,v
F6P4,May,2021,Veronica arvensis,+,5,fr
F6P4,May,2021,Viola tricolor subsp. saxatilis,r,16,fr
F6P4,May,2021,Arabis auriculata,r,16,fr
F6P4,May,2021,Melica ciliata,+,10,v
F6P5,May,2021,Achillea collina,1,12,v
F6P5,May,2021,Arenaria serpyllifolia,+,4,v
F6P5,May,2021,Centaurea stoebe,1,14,v
F6P5,May,2021,Cerastium sp.,+,8,fr
F6P5,May,2021,Festuca valesiaca,2a,20,fl
F6P5,May,2021,Geranium pusillum,r,2,fl
F6P5,May,2021,Hesperis tristis,+,10,v
F6P5,May,2021,Inula oculus-christi,+,10,v
F6P5,May,2021,Lepidium campestre,+,1,v
F6P5,May,2021,Medicago minima,1,5,fl
F6P5,May,2021,Potentilla incana,2a,5,fr
F6P5,May,2021,Sedum album,2a,7,v
F6P5,May,2021,Teucrium chamaedrys,2b,7,v
F6P5,May,2021,Trifolium arvense,+,5,v
F6P5,May,2021,Verbascum lychnitis,r,1,v
F6P6,May,2021,Acinos arvensis,+,9,v
F6P6,May,2021,Allium flavum,r,5,v
F6P6,May,2021,Arenaria serpyllifolia,1,5,fl
F6P6,May,2021,Arrhenatherum elatius,2a,28,fl
F6P6,May,2021,Bromus japonicus,+,17,fl
F6P6,May,2021,Centaurea stoebe,+,6,v
F6P6,May,2021,Cerastium sp.,1,12,fr
F6P6,May,2021,Erodium cicutarium,+,1,s
F6P6,May,2021,Festuca valesiaca,+,20,fl
F6P6,May,2021,Inula oculus-christi,2b,10,v
F6P6,May,2021,Lepidium campestre,+,1,v
F6P6,May,2021,Medicago minima,+,7,fl
F6P6,May,2021,Melica ciliata,r,5,v
F6P6,May,2021,Microthlaspi perfoliatum,+,15,fr
F6P6,May,2021,Potentilla incana,+,5,v
F6P6,May,2021,Ranunculus illyricus,r,4,v
F6P6,May,2021,Sedum album,1,5,v
F6P6,May,2021,Seseli osseum,r,9,v
F6P6,May,2021,Teucrium chamaedrys,3,7,v
F6P6,May,2021,Trifolium arvense,+,5,v
F6P6,May,2021,Veronica arvensis,+,6,fr
F6P6,May,2021,Veronica prostrata,+,2,v
F7P1,May,2021,Acinos arvensis,1,10,v
F7P1,May,2021,Arenaria serpyllifolia,+,7,fl
F7P1,May,2021,Arrhenatherum elatius,2a,35,fl
F7P1,May,2021,Bromus japonicus,+,14,fl
F7P1,May,2021,Centaurea stoebe,+,3,v
F7P1,May,2021,Lepidium campestre,+,20,fl
F7P1,May,2021,Medicago minima,+,3,v
F7P1,May,2021,Phleum phleoides,+,5,v
F7P1,May,2021,Sedum album,1,5,v
F7P1,May,2021,Teucrium chamaedrys,3,10,v
F7P1,May,2021,Veronica praecox,+,4,fr
F7P1,May,2021,Veronica arvensis,+,8,fr
F7P1,May,2021,Cerastium sp.,+,12,fr
F7P2,May,2021,Arenaria serpyllifolia,+,2,fl
F7P2,May,2021,Bromus japonicus,2a,17,fl
F7P2,May,2021,Buglossoides incrassata,+,4,fr
F7P2,May,2021,Cerastium sp.,+,6,fr
F7P2,May,2021,Dianthus pontederae,+,12,fl
F7P2,May,2021,Echium vulgare,+,2,v
F7P2,May,2021,Lepidium campestre,+,4,v
F7P2,May,2021,Medicago minima,r,2,v
F7P2,May,2021,Melica ciliata,+,11,v
F7P2,May,2021,Sedum album,2a,4,v
F7P2,May,2021,Teucrium chamaedrys,2b,9,v
F7P2,May,2021,Veronica praecox,+,4,fr
F7P2,May,2021,Arabis auriculata,+,11,fr
F7P2,May,2021,Trifolium arvense,r,2,v
F7P3,May,2021,Acinos arvensis,+,4,v
F7P3,May,2021,Alyssum alyssoides,r,9,fl
F7P3,May,2021,Arenaria serpyllifolia,+,5,fl
F7P3,May,2021,Arrhenatherum elatius,2a,17,v
F7P3,May,2021,Bromus japonicus,+,10,v
F7P3,May,2021,Centaurea stoebe,+,55,v
F7P3,May,2021,Festuca valesiaca,+,8,v
F7P3,May,2021,Geranium pusillum,+,7,fr
F7P3,May,2021,Hesperis tristis,2a,25,fl
F7P3,May,2021,Holosteum umbellatum,+,10,fr
F7P3,May,2021,Medicago minima,1,7,v
F7P3,May,2021,Melica ciliata,+,12,v
F7P3,May,2021,Poa bulbosa,+,14,v
F7P3,May,2021,Potentilla incana,2b,5,v
F7P3,May,2021,Sedum album,r,2,v
F7P3,May,2021,Teucrium chamaedrys,3,6,v
F7P3,May,2021,Valerianella locusta,+,7,fr
F7P3,May,2021,Cerastium sp.,+,9,fr
F7P3,May,2021,Veronica arvensis,+,5,fr
F7P4,May,2021,Acinos arvensis,+,6,v
F7P4,May,2021,Arenaria serpyllifolia,+,3,fr
F7P4,May,2021,Arrhenatherum elatius,2a,40,fl
F7P4,May,2021,Bromus japonicus,+,12,fl
F7P4,May,2021,Cerastium sp.,+,7,fr
F7P4,May,2021,Festuca valesiaca,+,7,v
F7P4,May,2021,Holosteum umbellatum,+,5,fr
F7P4,May,2021,Lamium amplexicaule,r,2,v
F7P4,May,2021,Medicago minima,2a,4,v
F7P4,May,2021,Sedum album,r,3,v
F7P4,May,2021,Teucrium chamaedrys,3,9,v
F7P4,May,2021,Trifolium arvense,+,3,v
F7P4,May,2021,Trifolium campestre,+,2,v
F7P4,May,2021,Valerianella locusta,+,5,fr
F7P4,May,2021,Festuca rupicola,1,20,fl
F7P4,May,2021,Melica ciliata,+,7,v
F7P5,May,2021,Acinos arvensis,1,8,v
F7P5,May,2021,Alyssum montanum subsp. gmelinii,+,2,fr
F7P5,May,2021,Arabis auriculata,r,10,fr
F7P5,May,2021,Arenaria serpyllifolia,+,2,fr
F7P5,May,2021,Arrhenatherum elatius,+,14,v
F7P5,May,2021,Bromus japonicus,+,10,v
F7P5,May,2021,Cerastium sp.,+,6,fr
F7P5,May,2021,Dianthus pontederae,+,11,fl
F7P5,May,2021,Galium glaucum,+,13,v
F7P5,May,2021,Lepidium campestre,+,1,v
F7P5,May,2021,Medicago minima,1,3,fl
F7P5,May,2021,Melica ciliata,+,3,v
F7P5,May,2021,Microthlaspi perfoliatum,r,6,fr
F7P5,May,2021,Minuartia rubra,r,1,v
F7P5,May,2021,Potentilla incana,2b,7,fr
F7P5,May,2021,Ranunculus illyricus,+,6,v
F7P5,May,2021,Sedum album,1,5,v
F7P5,May,2021,Teucrium chamaedrys,2a,7,v
F7P5,May,2021,Verbascum lychnitis,+,2,v
F7P5,May,2021,Veronica praecox,+,4,fr
F7P5,May,2021,Centaurea stoebe,+,5,v
F7P5,May,2021,Festuca csikhegyensis,r,2,v
F7P6,May,2021,Acinos arvensis,+,4,v
F7P6,May,2021,Arenaria serpyllifolia,+,5,fl
F7P6,May,2021,Arrhenatherum elatius,2a,30,fl
F7P6,May,2021,Centaurea stoebe,+,5,v
F7P6,May,2021,Cerastium sp.,+,10,fr
F7P6,May,2021,Dianthus pontederae,1,20,fl
F7P6,May,2021,Festuca valesiaca,+,10,v
F7P6,May,2021,Geranium pusillum,r,4,fr
F7P6,May,2021,Lepidium campestre,+,1,v
F7P6,May,2021,Medicago minima,1,3,fl
F7P6,May,2021,Melica ciliata,+,8,v
F7P6,May,2021,Sedum album,1,5,v
F7P6,May,2021,Teucrium chamaedrys,3,7,v
F7P6,May,2021,Bromus japonicus,1,12,fl
F7P6,May,2021,Arabis auriculata,r,10,fr
