F1P1,May,2021,Acinos arvensis,+,3,v
F1P1,September,2021,Acinos arvensis,+,3,v
F1P1,May,2021,Alyssum alyssoides,+,4,fl
F1P1,September,2021,Alyssum alyssoides,+,2,v
F1P1,September,2021,Arenaria serpyllifolia,+,3,v
F1P1,May,2021,Cerastium sp.,+,4,fr
F1P1,May,2021,Erodium cicutarium,+,1,s
F1P1,September,2021,Erodium cicutarium,+,2,v
F1P1,May,2021,Festuca valesiaca,2b,20,fl
F1P1,July,2021,Festuca valesiaca,3,35,fr
F1P1,September,2021,Festuca valesiaca,3,13,v
F1P1,May,2021,Medicago minima,1,2,fl
F1P1,September,2021,Medicago minima,+,3,v
F1P1,May,2021,Phleum phleoides,2a,17,v
F1P1,July,2021,Phleum phleoides,1,25,fr
F1P1,September,2021,Phleum phleoides,2a,14,v
F1P1,May,2021,Potentilla incana,1,6,fr
F1P1,July,2021,Potentilla incana,+,10,v
F1P1,September,2021,Potentilla incana,2a,14,v
F1P1,May,2021,Teucrium chamaedrys,1,8,s
F1P1,July,2021,Teucrium chamaedrys,1,12,fr
F1P1,September,2021,Teucrium chamaedrys,2a,11,fr
F1P1,May,2021,Verbascum lychnitis,2b,20,v
F1P1,July,2021,Verbascum lychnitis,2a,20,fr
F1P1,May,2021,Melica ciliata,r,5,v
F1P1,September,2021,Convolvulus arvensis,1,14,v
F1P1,September,2021,Boraginaceae,+,5,v
F1P2,May,2021,Acinos arvensis,+,5,v
F1P2,July,2021,Acinos arvensis,+,15,fr
F1P2,September,2021,Acinos arvensis,1,10,v
F1P2,May,2021,Arenaria serpyllifolia,+,3,fr
F1P2,July,2021,Arenaria serpyllifolia,+,8,pfr
F1P2,May,2021,Arrhenatherum elatius,1,58,fr
F1P2,July,2021,Arrhenatherum elatius,1,90,pfr
F1P2,September,2021,Arrhenatherum elatius,2a,25,v
F1P2,September,2021,Artemisia absinthium,r,1,s
F1P2,May,2021,Cerastium sp.,+,12,fr
F1P2,July,2021,Cerastium sp.,v,8,pfr
F1P2,September,2021,Cerastium sp.,r,2,v
F1P2,May,2021,Festuca valesiaca,2b,30,fr
F1P2,July,2021,Festuca valesiaca,2a,45,fr
F1P2,September,2021,Festuca valesiaca,2b,20,v
F1P2,September,2021,Lamium amplexicaule,+,2,s
F1P2,May,2021,Medicago minima,1,4,v
F1P2,July,2021,Medicago minima,+,10,pfr
F1P2,September,2021,Medicago minima,+,1,v
F1P2,May,2021,Phleum phleoides,1,18,v
F1P2,July,2021,Phleum phleoides,1,55,fr
F1P2,May,2021,Teucrium chamaedrys,3,8,s
F1P2,July,2021,Teucrium chamaedrys,2b,15,fr
F1P2,September,2021,Teucrium chamaedrys,3,15,v
F1P2,May,2021,Trifolium,+,7,s
F1P2,July,2021,Trifolium,+,20,fr
F1P2,May,2021,Verbascum lychnitis,2b,15,v
F1P2,July,2021,Verbascum lychnitis,2a,70,fr
F1P2,September,2021,Verbascum lychnitis,+,12,v
F1P2,May,2021,Veronica arvensis,+,7,fr
F1P2,May,2021,Viola tricolor subsp. saxatilis,r,9,fl
F1P3,May,2021,Acinos arvensis,1,6,v
F1P3,July,2021,Acinos arvensis,+,15,fr
F1P3,September,2021,Acinos arvensis,1,20,fl
F1P3,May,2021,Alyssum alyssoides,+,5,fr
F1P3,July,2021,Alyssum alyssoides,+,15,fr
F1P3,May,2021,Arenaria serpyllifolia,1,6,fr
F1P3,July,2021,Arenaria serpyllifolia,+,10,pfr
F1P3,September,2021,Arenaria serpyllifolia,+,2,v
F1P3,May,2021,Arrhenatherum elatius,2a,50,fl
F1P3,July,2021,Arrhenatherum elatius,2a,100,pfr
F1P3,September,2021,Arrhenatherum elatius,3,40,v
F1P3,May,2021,Buglossoides incrassata,+,26,fr
F1P3,May,2021,Carex praecox,+,9,fl
F1P3,July,2021,Carex praecox,+,10,pfr
F1P3,May,2021,Centaurea stoebe,+,9,v
F1P3,July,2021,Centaurea stoebe,+,10,v
F1P3,September,2021,Centaurea stoebe,2a,15,v
F1P3,May,2021,Cerastium sp.,+,10,fr
F1P3,July,2021,Cerastium sp.,+,8,pfr
F1P3,May,2021,Echium vulgare,r,4,s
F1P3,May,2021,Elymus hispidus,+,15,s
F1P3,July,2021,Elymus hispidus,+,50,fr
F1P3,September,2021,Elymus hispidus,1,15,v
F1P3,May,2021,Festuca valesiaca,2a,32,fl
F1P3,July,2021,Festuca valesiaca,1,40,fr
F1P3,September,2021,Festuca valesiaca,1,15,v
F1P3,May,2021,Geranium pusillum,r,2,v
F1P3,September,2021,Medicago minima,+,2,v
F1P3,May,2021,Teucrium chamaedrys,2b,10,s
F1P3,July,2021,Teucrium chamaedrys,2b,20,fr
F1P3,September,2021,Teucrium chamaedrys,2b,15,v
F1P3,May,2021,Trifolium arvense,+,4,s
F1P3,July,2021,Trifolium arvense,+,25,fr
F1P3,May,2021,Trifolium campestre,+,2,s
F1P3,July,2021,Trifolium campestre,r,10,pfr
F1P3,May,2021,Viola tricolor subsp. saxatilis,+,9,fl
F1P3,May,2021,Veronica arvensis,+,8,fr
F1P3,May,2021,Veronica praecox,r,2,fr
F1P3,July,2021,Phleum phleoides,+,8,v
F1P4,May,2021,Alyssum alyssoides,+,7,fr
F1P4,May,2021,Arabis auriculata,+,15,fr
F1P4,May,2021,Arenaria serpyllifolia,r,3,v
F1P4,May,2021,Arrhenatherum elatius,3,60,fl
F1P4,July,2021,Arrhenatherum elatius,3,110,fr
F1P4,September,2021,Arrhenatherum elatius,4,30,v
F1P4,May,2021,Artemisia absinthium,r,1,s
F1P4,May,2021,Carex praecox,1,20,fl
F1P4,July,2021,Carex praecox,1,30,fr
F1P4,September,2021,Carex praecox,1,20,v
F1P4,May,2021,Carex supina,+,18,fl
F1P4,July,2021,Carex supina,1,13,v
F1P4,September,2021,Carex supina,1,20,v
F1P4,May,2021,Cerastium sp.,r,13,fr
F1P4,May,2021,Convolvulus arvensis,+,15,v
F1P4,September,2021,Convolvulus arvensis,1,20,v
F1P4,May,2021,Elymus hispidus,1,30,v
F1P4,July,2021,Elymus hispidus,1,65,fl
F1P4,September,2021,Elymus hispidus,+,10,v
F1P4,May,2021,Festuca valesiaca,r,3,v
F1P4,July,2021,Festuca valesiaca,+,7,v
F1P4,September,2021,Festuca valesiaca,+,8,v
F1P4,May,2021,Geranium pusillum,r,3,v
F1P4,May,2021,Teucrium chamaedrys,2b,10,v
F1P4,July,2021,Teucrium chamaedrys,2a,20,fr
F1P4,September,2021,Teucrium chamaedrys,2b,15,fr
F1P4,May,2021,Thymus praecox,1,11,fl
F1P4,July,2021,Thymus praecox,+,13,v
F1P4,September,2021,Thymus praecox,+,10,v
F1P4,May,2021,Trifolium arvense,+,7,v
F1P4,July,2021,Trifolium arvense,+,25,fl
F1P4,May,2021,Trifolium campestre,+,3,v
F1P4,May,2021,Bromus japonicus,+,10,v
F1P4,May,2021,Phleum phleoides,r,3,v
F1P5,May,2021,Achillea collina,+,16,v
F1P5,July,2021,Achillea collina,+,36,fl
F1P5,September,2021,Achillea collina,+,15,v
F1P5,May,2021,Acinos arvensis,+,4,v
F1P5,July,2021,Allium flavum,+,32,fl
F1P5,May,2021,Alyssum alyssoides,+,10,fr
F1P5,July,2021,Alyssum alyssoides,+,5,pfr
F1P5,May,2021,Arabis auriculata,+,16,fr
F1P5,July,2021,Arabis auriculata,+,13,pfr
F1P5,May,2021,Arenaria serpyllifolia,+,6,fr
F1P5,July,2021,Arenaria serpyllifolia,+,6,pfr
F1P5,May,2021,Arrhenatherum elatius,+,27,fr
F1P5,July,2021,Arrhenatherum elatius,+,81,pfr
F1P5,September,2021,Arrhenatherum elatius,2a,15,v
F1P5,May,2021,Artemisia campestris,2b,15,v
F1P5,July,2021,Artemisia campestris,2b,56,v
F1P5,September,2021,Artemisia campestris,3,25,fl
F1P5,May,2021,Carex praecox,1,16,fl
F1P5,July,2021,Carex praecox,1,18,fr
F1P5,September,2021,Carex praecox,1,12,v
F1P5,May,2021,Carex supina,+,10,fr
F1P5,July,2021,Carex supina,+,12,v
F1P5,May,2021,Convolvulus arvensis,+,14,v
F1P5,July,2021,Convolvulus arvensis,+,17,v
F1P5,May,2021,Elymus hispidus,+,23,v
F1P5,July,2021,Elymus hispidus,1,39,v
F1P5,September,2021,Elymus hispidus,+,17,v
F1P5,May,2021,Geranium pusillum,+,3,fl
F1P5,May,2021,Hesperis tristis,+,26,fl
F1P5,May,2021,Holosteum umbellatum,+,10,fr
F1P5,May,2021,Medicago minima,+,10,fl
F1P5,July,2021,Medicago minima,fl,NA,NA
F1P5,September,2021,Medicago minima,+,2,v
F1P5,May,2021,Phleum phleoides,2a,20,fl
F1P5,July,2021,Phleum phleoides,2a,50,fr
F1P5,September,2021,Phleum phleoides,2b,20,v
F1P5,May,2021,Poa angustifolia,1,35,fl
F1P5,July,2021,Poa angustifolia,1,52,fr
F1P5,September,2021,Poa angustifolia,1,16,v
F1P5,May,2021,Ranunculus illyricus,+,9,v
F1P5,May,2021,Teucrium chamaedrys,3,10,v
F1P5,July,2021,Teucrium chamaedrys,3,20,fr
F1P5,September,2021,Teucrium chamaedrys,2b,10,v
F1P5,May,2021,Trifolium arvense,2a,8,v
F1P5,July,2021,Trifolium arvense,2a,23,fr
F1P5,September,2021,Trifolium arvense,+,28,fl
F1P5,May,2021,Veronica arvensis,+,6,fl
F1P5,July,2021,Centaurea stoebe,1,65,fr
F1P6,May,2021,Acinos arvensis,2,11,v
F1P6,July,2021,Acinos arvensis,+,8,fr
F1P6,May,2021,Arabis auriculata,+,29,fr
F1P6,May,2021,Arenaria serpyllifolia,2,5,fr
F1P6,July,2021,Arenaria serpyllifolia,1,5,pfr
F1P6,September,2021,Arenaria serpyllifolia,+,2,v
F1P6,May,2021,Artemisia absinthium,2,14,v
F1P6,July,2021,Artemisia absinthium,1,30,v
F1P6,September,2021,Artemisia absinthium,2a,42,fl
F1P6,May,2021,Carex praecox,2,16,fl
F1P6,July,2021,Carex praecox,1,25,fr
F1P6,September,2021,Carex praecox,1,25,v
F1P6,May,2021,Centaurea stoebe,+,3,v
F1P6,July,2021,Centaurea stoebe,r,5,v
F1P6,September,2021,Centaurea stoebe,1,9,v
F1P6,May,2021,Cerastium sp.,+,9,fr
F1P6,May,2021,Convolvulus arvensis,1,9,v
F1P6,July,2021,Convolvulus arvensis,+,10,v
F1P6,September,2021,Convolvulus arvensis,1,18,v
F1P6,May,2021,Festuca valesiaca,1,17,fl
F1P6,July,2021,Festuca valesiaca,1,40,fr
F1P6,September,2021,Festuca valesiaca,2a,18,v
F1P6,May,2021,Geranium pusillum,+,4,fl
F1P6,May,2021,Medicago minima,1,6,fl
F1P6,May,2021,Phleum phleoides,+,2,v
F1P6,July,2021,Phleum phleoides,r,5,v
F1P6,September,2021,Phleum phleoides,+,10,v
F1P6,May,2021,Saxifraga tridactylites,+,6,fr
F1P6,May,2021,Teucrium chamaedrys,3,6,v
F1P6,July,2021,Teucrium chamaedrys,4,12,fr
F1P6,September,2021,Teucrium chamaedrys,5,22,v
F1P6,May,2021,Trifolium arvense,+,5,v
F1P6,July,2021,Trifolium arvense,+,13,fl
F1P6,May,2021,Veronica arvensis,+,8,fl
F1P6,May,2021,Poa bulbosa,+,2,v
F1P6,May,2021,Trifolium campestre,+,4,fl
F1P6,July,2021,Odontites vernus,r,10,v
F1P6,September,2021,Boraginaceae,+,3,v
F2P1,July,2021,Acinos arvensis,r,5,fl
F2P1,September,2021,Acinos arvensis,r,2,v
F2P1,May,2021,Alyssum alyssoides,1,8,fr
F2P1,July,2021,Alyssum alyssoides,1,12,pfr
F2P1,September,2021,Alyssum alyssoides,+,2,v
F2P1,May,2021,Bromus sp.,1,20,fl
F2P1,July,2021,Bromus sp.,1,25,pfr
F2P1,May,2021,Camelina microcarpa,+,9,v
F2P1,May,2021,Echium vulgare,1,18,v
F2P1,July,2021,Echium vulgare,1,70,pfr
F2P1,May,2021,Lotus corniculatus,2a,7,fl
F2P1,July,2021,Lotus corniculatus,1,10,pfr
F2P1,September,2021,Lotus corniculatus,2a,12,v
F2P1,May,2021,Medicago minima,+,7,fl
F2P1,September,2021,Medicago minima,+,2,v
F2P1,May,2021,Melica ciliata,1,20,v
F2P1,July,2021,Melica ciliata,2a,50,fr
F2P1,September,2021,Melica ciliata,1,28,v
F2P1,May,2021,Phleum phleoides,2a,15,fl
F2P1,July,2021,Phleum phleoides,2a,30,fr
F2P1,September,2021,Phleum phleoides,2b,21,v
F2P1,May,2021,Potentilla incana,3,7,fr
F2P1,July,2021,Potentilla incana,3,8,v
F2P1,September,2021,Potentilla incana,3,10,v
F2P1,May,2021,Sedum album,1,6,v
F2P1,July,2021,Sedum album,1,10,fr
F2P1,September,2021,Sedum album,1,7,v
F2P1,May,2021,Teucrium chamaedrys,1,7,v
F2P1,July,2021,Teucrium chamaedrys,1,10,fr
F2P1,May,2021,Verbascum lychnitis,2a,7,v
F2P1,July,2021,Verbascum lychnitis,2b,75,fr
F2P1,September,2021,Verbascum lychnitis,2a,11,v
F2P1,May,2021,Convolvulus arvensis,+,3,v
F2P1,May,2021,Centaurea stoebe,r,5,v
F2P1,July,2021,Centaurea stoebe,+,8,v
F2P1,September,2021,Centaurea stoebe,+,11,v
F2P1,May,2021,Erodium cicutarium,r,1,s
F2P1,September,2021,Festuca valesiaca,r,2,v
F2P2,May,2021,Acinos arvensis,+,6,v
F2P2,July,2021,Acinos arvensis,+,15,fr
F2P2,September,2021,Acinos arvensis,r,1,s
F2P2,May,2021,Alyssum alyssoides,+,7,fl
F2P2,July,2021,Alyssum alyssoides,+,8,fr
F2P2,September,2021,Alyssum alyssoides,+,2,v
F2P2,May,2021,Arenaria serpyllifolia,+,4,fl
F2P2,July,2021,Arenaria serpyllifolia,+,10,fr
F2P2,September,2021,Arenaria serpyllifolia,r,1,v
F2P2,September,2021,Arrhenatherum elatius,+,10,v
F2P2,July,2021,Artemisia absinthium,r,10,v
F2P2,September,2021,Artemisia absinthium,+,12,v
F2P2,May,2021,Bromus tectorum,2a,20,fl
F2P2,July,2021,Bromus tectorum,+,20,fr
F2P2,September,2021,Bromus tectorum,+,8,v
F2P2,May,2021,Centaurea stoebe,1,12,v
F2P2,July,2021,Centaurea stoebe,1,20,fr
F2P2,September,2021,Echium vulgare,+,2,v
F2P2,May,2021,Medicago minima,2a,3,fl
F2P2,July,2021,Medicago minima,+,10,fr
F2P2,September,2021,Medicago minima,+,2,v
F2P2,May,2021,Phleum phleoides,2b,15,fl
F2P2,July,2021,Phleum phleoides,2b,35,fr
F2P2,September,2021,Phleum phleoides,3,15,v
F2P2,July,2021,Seseli osseum,r,8,s
F2P2,May,2021,Teucrium chamaedrys,3,7,v
F2P2,July,2021,Teucrium chamaedrys,2b,15,fr
F2P2,September,2021,Teucrium chamaedrys,3,13,v
F2P2,July,2021,Verbascum lychnitis,+,8,v
F2P2,September,2021,Verbascum lychnitis,+,2,v
F2P2,May,2021,Trifolium arvense,+,7,v
F2P2,July,2021,Trifolium arvense,+,20,fr
F2P2,May,2021,Cerastium sp.,r,7,fl
F2P2,July,2021,Bromus japonicus,+,25,fr
F2P3,May,2021,Alyssum alyssoides,+,7,fl
F2P3,July,2021,Alyssum alyssoides,+,12,fr
F2P3,September,2021,Alyssum alyssoides,+,2,v
F2P3,May,2021,Arenaria serpyllifolia,+,10,fl
F2P3,July,2021,Arenaria serpyllifolia,+,15,fr
F2P3,September,2021,Arenaria serpyllifolia,+,5,v
F2P3,July,2021,Bromus japonicus,+,25,fr
F2P3,May,2021,Bromus tectorum,1,22,v
F2P3,July,2021,Bromus tectorum,+,25,fr
F2P3,May,2021,Camelina microcarpa,+,30,fl
F2P3,July,2021,Camelina microcarpa,+,65,fr
F2P3,May,2021,Carex supina,2b,17,fr
F2P3,July,2021,Carex supina,1,15,fr
F2P3,September,2021,Carex supina,2a,20,v
F2P3,May,2021,Centaurea stoebe,+,7,v
F2P3,July,2021,Centaurea stoebe,+,10,v
F2P3,September,2021,Centaurea stoebe,1,5,v
F2P3,September,2021,Echium vulgare,+,5,v
F2P3,September,2021,Erodium cicutarium,r,5,v
F2P3,May,2021,Festuca valesiaca,2b,30,fl
F2P3,July,2021,Festuca valesiaca,3,45,fr
F2P3,September,2021,Festuca valesiaca,2b,15,v
F2P3,May,2021,Medicago minima,1,7,fl
F2P3,July,2021,Medicago minima,+,8,pfr
F2P3,May,2021,Phleum phleoides,2a,17,v
F2P3,July,2021,Phleum phleoides,2a,45,fr
F2P3,September,2021,Phleum phleoides,1,20,v
F2P3,May,2021,Teucrium chamaedrys,2a,13,v
F2P3,July,2021,Teucrium chamaedrys,2a,15,fr
F2P3,September,2021,Teucrium chamaedrys,2a,15,fr
F2P3,May,2021,Veronica praecox,r,2,fr
F2P3,July,2021,Verbascum lychnitis,1,60,fr
F2P3,September,2021,Bromus sp.,+,8,v
F2P3,September,2021,Acinos arvensis,+,5,v
F2P4,May,2021,Acinos arvensis,1,6,v
F2P4,July,2021,Acinos arvensis,+,9,pfr
F2P4,September,2021,Acinos arvensis,+,3,v
F2P4,May,2021,Alyssum alyssoides,+,12,fl
F2P4,July,2021,Alyssum alyssoides,+,2,pfr
F2P4,September,2021,Alyssum alyssoides,+,3,v
F2P4,May,2021,Arenaria serpyllifolia,+,5,v
F2P4,July,2021,Arenaria serpyllifolia,+,7,pfr
F2P4,September,2021,Arenaria serpyllifolia,+,10,v
F2P4,September,2021,Arrhenatherum elatius,+,12,v
F2P4,May,2021,Artemisia absinthium,1,5,v
F2P4,July,2021,Artemisia absinthium,+,7,v
F2P4,May,2021,Camelina microcarpa,+,13,fl
F2P4,July,2021,Camelina microcarpa,+,17,fr
F2P4,May,2021,Carex supina,1,15,fr
F2P4,July,2021,Carex supina,1,12,v
F2P4,September,2021,Carex supina,1,20,v
F2P4,May,2021,Cerastium sp.,r,7,fr
F2P4,May,2021,Festuca valesiaca,+,25,fl
F2P4,July,2021,Festuca valesiaca,+,35,fr
F2P4,May,2021,Medicago minima,1,4,fl
F2P4,July,2021,Medicago minima,+,7,fr
F2P4,September,2021,Medicago minima,+,2,v
F2P4,May,2021,Melica ciliata,+,15,v
F2P4,July,2021,Melica ciliata,1,40,fr
F2P4,September,2021,Melica ciliata,1,20,v
F2P4,May,2021,Seseli osseum,+,8,v
F2P4,July,2021,Seseli osseum,+,8,v
F2P4,September,2021,Seseli osseum,+,15,v
F2P4,May,2021,Teucrium chamaedrys,3,10,v
F2P4,July,2021,Teucrium chamaedrys,3,15,fr
F2P4,September,2021,Teucrium chamaedrys,4,17,fr
F2P4,May,2021,Trifolium arvense,+,5,v
F2P4,July,2021,Trifolium arvense,+,19,fr
F2P4,May,2021,Veronica praecox,r,5,fr
F2P4,May,2021,Bromus japonicus,2a,17,fl
F2P4,July,2021,Bromus japonicus,2a,30,fr
F2P4,July,2021,Phleum phleoides,r,7,fr
F2P4,September,2021,Boraginaceae,r,1,v
F2P5,May,2021,Acinos arvensis,+,2,v
F2P5,September,2021,Acinos arvensis,+,2,v
F2P5,May,2021,Alyssum alyssoides,+,5,v
F2P5,July,2021,Alyssum alyssoides,+,8,pfr
F2P5,September,2021,Alyssum alyssoides,+,2,v
F2P5,May,2021,Arabis auriculata,+,6,fr
F2P5,May,2021,Arenaria serpyllifolia,1,4,fl
F2P5,July,2021,Arenaria serpyllifolia,+,9,pfr
F2P5,September,2021,Arenaria serpyllifolia,+,1,v
F2P5,May,2021,Artemisia absinthium,1,7,v
F2P5,July,2021,Artemisia absinthium,+,11,v
F2P5,September,2021,Artemisia absinthium,2a,15,v
F2P5,May,2021,Bromus japonicus,+,5,v
F2P5,July,2021,Bromus japonicus,+,15,fr
F2P5,May,2021,Camelina microcarpa,+,22,fl
F2P5,July,2021,Camelina microcarpa,+,50,fr
F2P5,September,2021,Echium vulgare,+,2,v
F2P5,September,2021,Erodium cicutarium,+,2,v
F2P5,May,2021,Festuca valesiaca,+,35,fl
F2P5,July,2021,Festuca valesiaca,1,55,pfr
F2P5,September,2021,Festuca valesiaca,+,4,v
F2P5,May,2021,Medicago minima,2a,3,fl
F2P5,July,2021,Medicago minima,+,8,fr
F2P5,September,2021,Medicago minima,1,3,v
F2P5,May,2021,Melica ciliata,1,20,v
F2P5,July,2021,Melica ciliata,1,35,fr
F2P5,September,2021,Melica ciliata,2a,28,v
F2P5,May,2021,Phleum phleoides,+,3,v
F2P5,July,2021,Phleum phleoides,+,7,v
F2P5,September,2021,Phleum phleoides,1,10,v
F2P5,May,2021,Teucrium chamaedrys,+,7,v
F2P5,July,2021,Teucrium chamaedrys,1,15,fr
F2P5,September,2021,Teucrium chamaedrys,2a,14,v
F2P5,May,2021,Centaurea stoebe,+,5,v
F2P5,July,2021,Centaurea stoebe,+,9,v
F2P5,September,2021,Centaurea stoebe,+,5,v
F2P6,May,2021,Acinos arvensis,1,5,v
F2P6,July,2021,Acinos arvensis,+,1,fr
F2P6,September,2021,Acinos arvensis,2a,13,fl
F2P6,May,2021,Alyssum alyssoides,1,10,fl
F2P6,July,2021,Alyssum alyssoides,1,12,pfr
F2P6,September,2021,Alyssum alyssoides,1,2,v
F2P6,May,2021,Arenaria serpyllifolia,1,7,fl
F2P6,July,2021,Arenaria serpyllifolia,1,7,pfr
F2P6,September,2021,Arenaria serpyllifolia,+,3,v
F2P6,September,2021,Artemisia absinthium,+,1,v
F2P6,May,2021,Camelina microcarpa,+,17,fl
F2P6,July,2021,Camelina microcarpa,+,18,pfr
F2P6,May,2021,Cerastium sp.,+,7,fr
F2P6,May,2021,Echium vulgare,+,3,v
F2P6,July,2021,Echium vulgare,+,30,pfr
F2P6,September,2021,Erodium cicutarium,r,1,v
F2P6,May,2021,Medicago minima,2b,7,fl
F2P6,July,2021,Medicago minima,+,5,pfr
F2P6,September,2021,Medicago minima,+,3,v
F2P6,May,2021,Poa bulbosa,+,15,fr
F2P6,July,2021,Poa bulbosa,+,10,pfr
F2P6,May,2021,Saxifraga tridactylites,+,5,fr
F2P6,July,2021,Sedum album,+,5,v
F2P6,May,2021,Teucrium chamaedrys,2b,7,v
F2P6,July,2021,Teucrium chamaedrys,2,15,fr
F2P6,September,2021,Teucrium chamaedrys,2b,13,v
F2P6,May,2021,Verbascum lychnitis,+,4,v
F2P6,May,2021,Bromus japonicus,1,13,fl
F2P6,July,2021,Bromus japonicus,1,28,fr
F2P6,May,2021,Bromus tectorum,r,11,fr
F2P6,May,2021,Festuca valesiaca,+,2,v
F2P6,September,2021,Festuca valesiaca,+,7,v
F2P6,May,2021,Phleum phleoides,+,4,v
F2P6,July,2021,Phleum phleoides,+,10,v
F2P6,September,2021,Phleum phleoides,+,9,v
F2P6,September,2021,Centaurea stoebe,+,3,v
F3P1,May,2021,Acinos arvensis,+,2,v
F3P1,September,2021,Acinos arvensis,+,6,v
F3P1,May,2021,Alyssum alyssoides,+,3,fr
F3P1,July,2021,Alyssum alyssoides,+,6,pfr
F3P1,May,2021,Arenaria serpyllifolia,1,4,fr
F3P1,July,2021,Arenaria serpyllifolia,1,6,pfr
F3P1,September,2021,Arenaria serpyllifolia,+,1,v
F3P1,May,2021,Arrhenatherum elatius,2a,40,fl
F3P1,July,2021,Arrhenatherum elatius,1,95,pfr
F3P1,September,2021,Arrhenatherum elatius,2a,28,v
F3P1,May,2021,Bromus japonicus,+,6,v
F3P1,July,2021,Bromus japonicus,1,18,pfr
F3P1,May,2021,Centaurea stoebe,+,4,v
F3P1,July,2021,Centaurea stoebe,+,6,v
F3P1,September,2021,Centaurea stoebe,1,10,v
F3P1,May,2021,Cerastium sp.,+,2,fr
F3P1,July,2021,Convolvulus arvensis,+,8,v
F3P1,May,2021,Dianthus pontederae,+,24,fl
F3P1,July,2021,Dianthus pontederae,+,35,fr
F3P1,September,2021,Dianthus pontederae,+,6,v
F3P1,May,2021,Festuca valesiaca,+,4,s
F3P1,September,2021,Festuca valesiaca,+,5,v
F3P1,May,2021,Koeleria macrantha,2b,29,fl
F3P1,July,2021,Koeleria macrantha,2a,45,fr
F3P1,September,2021,Koeleria macrantha,2b,25,v
F3P1,May,2021,Medicago minima,2a,4,fl
F3P1,September,2021,Medicago minima,+,4,v
F3P1,May,2021,Potentilla incana,2a,4,fr
F3P1,July,2021,Potentilla incana,2a,5,v
F3P1,September,2021,Potentilla incana,2a,5,v
F3P1,May,2021,Sedum album,+,4,v
F3P1,July,2021,Sedum album,1,10,fr
F3P1,September,2021,Sedum album,1,3,v
F3P1,May,2021,Trifolium arvense,+,2,v
F3P1,May,2021,Verbascum lychnitis,1,6,v
F3P1,July,2021,Verbascum lychnitis,1,5,v
F3P1,September,2021,Verbascum lychnitis,1,3,v
F3P1,May,2021,Veronica praecox,+,4,fr
F3P1,May,2021,Melica ciliata,+,10,v
F3P1,July,2021,Melica ciliata,+,25,v
F3P1,May,2021,Arabis auriculata,r,4,fr
F3P1,September,2021,Boraginaceae,+,2,v
F3P2,May,2021,Acinos arvensis,+,3,v
F3P2,July,2021,Acinos arvensis,+,5,fl
F3P2,September,2021,Acinos arvensis,+,5,v
F3P2,May,2021,Alyssum alyssoides,+,5,fr
F3P2,July,2021,Alyssum alyssoides,+,5,fr
F3P2,September,2021,Alyssum alyssoides,+,1,v
F3P2,May,2021,Arenaria serpyllifolia,+,4,fr
F3P2,July,2021,Arenaria serpyllifolia,+,5,fr
F3P2,September,2021,Arenaria serpyllifolia,+,1,v
F3P2,May,2021,Arrhenatherum elatius,+,24,v
F3P2,July,2021,Arrhenatherum elatius,+,50,pfr
F3P2,September,2021,Arrhenatherum elatius,+,15,v
F3P2,September,2021,Bromus japonicus,+,5,v
F3P2,May,2021,Buglossoides incrassata,+,6,fr
F3P2,September,2021,Echium vulgare,+,1,s
F3P2,September,2021,Erodium cicutarium,r,1,v
F3P2,May,2021,Festuca valesiaca,1,32,fl
F3P2,July,2021,Festuca valesiaca,1,60,fr
F3P2,September,2021,Festuca valesiaca,1,15,v
F3P2,May,2021,Galium glaucum,+,14,fl
F3P2,July,2021,Galium glaucum,+,20,v
F3P2,September,2021,Galium glaucum,1,10,v
F3P2,May,2021,Medicago minima,+,4,v
F3P2,July,2021,Medicago minima,r,8,pfr
F3P2,September,2021,Medicago minima,+,3,v
F3P2,May,2021,Potentilla incana,4,5,fr
F3P2,July,2021,Potentilla incana,3,5,v
F3P2,September,2021,Potentilla incana,4,3,v
F3P2,May,2021,Saxifraga tridactylites,+,4,fr
F3P2,May,2021,Sedum album,1,3,v
F3P2,July,2021,Sedum album,+,12,fr
F3P2,September,2021,Sedum album,+,4,v
F3P2,July,2021,Trifolium arvense,+,8,fr
F3P2,May,2021,Verbascum lychnitis,1,12,v
F3P2,July,2021,Verbascum lychnitis,1,5,v
F3P2,September,2021,Verbascum lychnitis,1,5,v
F3P2,May,2021,Achillea collina,+,7,v
F3P2,May,2021,Centaurea stoebe,+,2,v
F3P2,July,2021,Melica ciliata,r,8,v
F3P3,May,2021,Acinos arvensis,+,7,v
F3P3,July,2021,Acinos arvensis,+,8,fl
F3P3,May,2021,Alyssum alyssoides,+,4,fr
F3P3,July,2021,Alyssum alyssoides,+,5,pfr
F3P3,September,2021,Alyssum alyssoides,1,1,v
F3P3,July,2021,Arabis auriculata,r,8,pfr
F3P3,May,2021,Arenaria serpyllifolia,+,4,fr
F3P3,July,2021,Arenaria serpyllifolia,+,8,fr
F3P3,September,2021,Arenaria serpyllifolia,+,1,v
F3P3,May,2021,Arrhenatherum elatius,+,11,v
F3P3,September,2021,Artemisia absinthium,+,1,s
F3P3,May,2021,Bromus japonicus,+,6,v
F3P3,July,2021,Bromus japonicus,+,15,fr
F3P3,May,2021,Cerastium sp.,+,8,fr
F3P3,July,2021,Cerastium sp.,+,8,pfr
F3P3,September,2021,Echium vulgare,r,1,v
F3P3,September,2021,Erodium cicutarium,+,2,v
F3P3,May,2021,Festuca valesiaca,+,2,v
F3P3,July,2021,Festuca valesiaca,r,5,3
F3P3,September,2021,Festuca valesiaca,+,4,v
F3P3,May,2021,Koeleria macrantha,2a,22,fl
F3P3,July,2021,Koeleria macrantha,1,40,fr
F3P3,September,2021,Koeleria macrantha,2a,20,v
F3P3,May,2021,Medicago minima,1,3,fl
F3P3,July,2021,Medicago minima,+,8,pfr
F3P3,September,2021,Medicago minima,+,3,s
F3P3,May,2021,Melica ciliata,1,15,v
F3P3,July,2021,Melica ciliata,+,35,pfr
F3P3,September,2021,Melica ciliata,1,20,v
F3P3,May,2021,Minuartia rubra,+,2,v
F3P3,May,2021,Phleum phleoides,r,3,v
F3P3,May,2021,Saxifraga tridactylites,+,4,fr
F3P3,May,2021,Sedum album,2a,5,v
F3P3,September,2021,Sedum album,+,2,v
F3P3,May,2021,Taraxacum sect. Erythrosperma,+,3,v
F3P3,September,2021,Taraxacum sect. Erythrosperma,+,1,v
F3P3,May,2021,Trifolium arvense,+,5,v
F3P3,July,2021,Trifolium arvense,1,20,fr
F3P3,May,2021,Verbascum lychnitis,2a,8,v
F3P3,September,2021,Verbascum lychnitis,1,5,v
F3P3,May,2021,Veronica prostrata,2a,8,fl
F3P3,September,2021,Veronica prostrata,2a,8,v
F3P3,May,2021,Teucrium chamaedrys,+,7,v
F3P3,July,2021,Teucrium chamaedrys,2a,12,fr
F3P3,May,2021,Centaurea stoebe,+,3,v
F3P3,July,2021,Centaurea stoebe,r,5,s
F3P3,May,2021,Seseli osseum,r,3,v
F3P3,July,2021,Seseli osseum,r,8,v
F3P3,July,2021,Veronica arvensis,r,5,pfr
F3P3,September,2021,Potentilla incana,+,1,v
F3P4,May,2021,Acinos arvensis,2a,6,v
F3P4,September,2021,Acinos arvensis,+,13,fr
F3P4,May,2021,Alyssum alyssoides,+,3,fr
F3P4,July,2021,Alyssum alyssoides,+,4,pfr
F3P4,September,2021,Alyssum alyssoides,+,2,v
F3P4,May,2021,Arenaria serpyllifolia,+,4,fr
F3P4,July,2021,Arenaria serpyllifolia,+,8,pfr
F3P4,September,2021,Arenaria serpyllifolia,+,3,v
F3P4,May,2021,Arrhenatherum elatius,+,25,fl
F3P4,September,2021,Arrhenatherum elatius,+,15,v
F3P4,May,2021,Centaurea stoebe,+,3,v
F3P4,September,2021,Centaurea stoebe,+,5,v
F3P4,May,2021,Cerastium sp.,+,6,fr
F3P4,May,2021,Festuca valesiaca,2b,25,fl
F3P4,July,2021,Festuca valesiaca,2a,45,pfr
F3P4,September,2021,Festuca valesiaca,2b,15,v
F3P4,May,2021,Galium verum,+,7,v
F3P4,July,2021,Galium verum,+,10,v
F3P4,September,2021,Galium verum,+,7,v
F3P4,May,2021,Medicago minima,1,4,v
F3P4,September,2021,Medicago minima,+,3,v
F3P4,May,2021,Melica ciliata,+,10,v
F3P4,July,2021,Melica ciliata,+,35,fr
F3P4,September,2021,Melica ciliata,1,15,v
F3P4,May,2021,Potentilla incana,2b,6,fr
F3P4,July,2021,Potentilla incana,2a,7,v
F3P4,September,2021,Potentilla incana,2b,5,v
F3P4,May,2021,Sedum album,1,4,v
F3P4,July,2021,Sedum album,+,12,fr
F3P4,September,2021,Sedum album,+,3,v
F3P4,September,2021,Seseli osseum,+,5,v
F3P4,May,2021,Teucrium chamaedrys,2b,8,v
F3P4,July,2021,Teucrium chamaedrys,2b,13,fr
F3P4,September,2021,Teucrium chamaedrys,3,13,fr
F3P4,May,2021,Bromus japonicus,+,9,v
F3P4,July,2021,Bromus japonicus,+,10,fr
F3P4,May,2021,Phleum phleoides,r,2,v
F3P4,September,2021,Phleum phleoides,+,5,v
F3P5,May,2021,Acinos arvensis,+,3,v
F3P5,July,2021,Acinos arvensis,+,7,fr
F3P5,September,2021,Acinos arvensis,1,11,fl
F3P5,May,2021,Allium flavum,r,16,5
F3P5,May,2021,Alyssum alyssoides,+,5,fl
F3P5,July,2021,Alyssum alyssoides,+,6,pfr
F3P5,September,2021,Alyssum alyssoides,+,2,v
F3P5,May,2021,Arenaria serpyllifolia,+,4,fl
F3P5,July,2021,Arenaria serpyllifolia,+,6,pfr
F3P5,September,2021,Arenaria serpyllifolia,+,2,v
F3P5,May,2021,Centaurea stoebe,+,3,v
F3P5,July,2021,Centaurea stoebe,+,3,v
F3P5,September,2021,Centaurea stoebe,+,7,v
F3P5,May,2021,Cerastium sp.,+,5,fr
F3P5,May,2021,Festuca valesiaca,2a,38,fl
F3P5,July,2021,Festuca valesiaca,2a,55,pfr
F3P5,September,2021,Festuca valesiaca,2a,22,v
F3P5,May,2021,Galium glaucum,+,8,v
F3P5,July,2021,Galium glaucum,+,8,v
F3P5,September,2021,Galium glaucum,+,11,v
F3P5,May,2021,Lappula squarrosa,r,4,v
F3P5,May,2021,Medicago minima,1,3,v
F3P5,September,2021,Medicago minima,+,5,v
F3P5,May,2021,Melica ciliata,2a,18,v
F3P5,July,2021,Melica ciliata,2a,40,fr
F3P5,September,2021,Melica ciliata,2a,25,v
F3P5,May,2021,Saxifraga tridactylites,+,6,fr
F3P5,July,2021,Sedum album,+,3,v
F3P5,September,2021,Sedum album,+,2,v
F3P5,May,2021,Teucrium chamaedrys,2b,6,5
F3P5,July,2021,Teucrium chamaedrys,2a,10,fr
F3P5,September,2021,Teucrium chamaedrys,2b,11,fr
F3P5,May,2021,Arabis auriculata,r,7,fr
F3P5,May,2021,Minuartia rubra,+,3,v
F3P5,July,2021,Minuartia rubra,+,8,v
F3P5,September,2021,Minuartia rubra,+,4,v
F3P5,September,2021,Arrhenatherum elatius,+,9,v
F3P5,September,2021,Boraginaceae,r,1,v
F3P6,May,2021,Acinos arvensis,+,3,v
F3P6,July,2021,Acinos arvensis,+,10,fl
F3P6,September,2021,Acinos arvensis,1,11,fl
F3P6,May,2021,Alyssum alyssoides,+,8,fr
F3P6,July,2021,Alyssum alyssoides,+,8,pfr
F3P6,September,2021,Alyssum alyssoides,+,1,v
F3P6,May,2021,Arenaria serpyllifolia,+,3,fr
F3P6,July,2021,Arenaria serpyllifolia,+,5,pfr
F3P6,September,2021,Arenaria serpyllifolia,+,2,v
F3P6,May,2021,Arrhenatherum elatius,1,40,fl
F3P6,July,2021,Arrhenatherum elatius,2a,75,pfr
F3P6,September,2021,Arrhenatherum elatius,2a,25,v
F3P6,May,2021,Centaurea stoebe,1,3,v
F3P6,July,2021,Centaurea stoebe,+,8,v
F3P6,September,2021,Centaurea stoebe,1,4,v
F3P6,May,2021,Cerastium sp.,+,5,fr
F3P6,May,2021,Dianthus pontederae,+,20,fl
F3P6,July,2021,Dianthus pontederae,+,20,fr
F3P6,September,2021,Dianthus pontederae,1,14,fr
F3P6,September,2021,Erodium cicutarium,+,1,v
F3P6,May,2021,Festuca valesiaca,2b,30,fl
F3P6,July,2021,Festuca valesiaca,2b,40,fr
F3P6,September,2021,Festuca valesiaca,26,19,v
F3P6,May,2021,Medicago minima,1,3,v
F3P6,September,2021,Medicago minima,+,2,v
F3P6,May,2021,Melica ciliata,5,8,v
F3P6,July,2021,Melica ciliata,1,40,fr
F3P6,September,2021,Melica ciliata,+,40,fr
F3P6,May,2021,Poa bulbosa,r,4,v
F3P6,September,2021,Potentilla incana,+,3,v
F3P6,May,2021,Sedum album,1,2,v
F3P6,July,2021,Sedum album,1,10,fr
F3P6,September,2021,Sedum album,2a,4,v
F4P1,May,2021,Acinos arvensis,+,2,v
F4P1,July,2021,Acinos arvensis,+,5,fl
F4P1,September,2021,Acinos arvensis,1,9,fl
F4P1,May,2021,Arabis auriculata,r,8,fr
F4P1,July,2021,Arabis auriculata,+,10,pfr
F4P1,May,2021,Arenaria serpyllifolia,1,5,fl
F4P1,July,2021,Arenaria serpyllifolia,1,7,pfr
F4P1,September,2021,Arenaria serpyllifolia,r,1,v
F4P1,May,2021,Bromus japonicus,+,7,fl
F4P1,July,2021,Bromus japonicus,+,20,pfr
F4P1,September,2021,Bromus japonicus,+,4,v
F4P1,May,2021,Camelina microcarpa,+,13,fl
F4P1,May,2021,Centaurea stoebe,+,3,v
F4P1,July,2021,Centaurea stoebe,+,5,v
F4P1,September,2021,Centaurea stoebe,+,2,v
F4P1,May,2021,Cerastium sp.,+,7,fr
F4P1,May,2021,Festuca valesiaca,+,1,v
F4P1,July,2021,Festuca valesiaca,+,1,v
F4P1,September,2021,Festuca valesiaca,+,3,v
F4P1,May,2021,Koeleria macrantha,2b,25,fl
F4P1,July,2021,Koeleria macrantha,2b,45,fr
F4P1,September,2021,Koeleria macrantha,3,25,v
F4P1,May,2021,Medicago minima,1,3,v
F4P1,September,2021,Medicago minima,+,2,v
F4P1,May,2021,Melica ciliata,+,8,v
F4P1,July,2021,Melica ciliata,1,2b,fr
F4P1,September,2021,Melica ciliata,+,20,v
F4P1,May,2021,Minuartia rubra,r,2,v
F4P1,September,2021,Minuartia rubra,r,3,v
F4P1,May,2021,Potentilla incana,1,5,v
F4P1,July,2021,Potentilla incana,2a,4,v
F4P1,May,2021,Saxifraga tridactylites,+,5,fr
F4P1,May,2021,Sedum album,1,4,v
F4P1,July,2021,Sedum album,1,8,fr
F4P1,September,2021,Sedum album,1,4,v
F4P1,May,2021,Seseli osseum,1,35,v
F4P1,July,2021,Seseli osseum,1,40,fl
F4P1,May,2021,Teucrium chamaedrys,2a,8,v
F4P1,July,2021,Teucrium chamaedrys,2a,13,fl
F4P1,September,2021,Teucrium chamaedrys,2a,11,fr
F4P1,May,2021,Alyssum alyssoides,+,5,fl
F4P1,July,2021,Alyssum alyssoides,+,10,pfr
F4P1,September,2021,Alyssum alyssoides,+,1,v
F4P1,May,2021,Trifolium campestre,1,5,v
F4P1,September,2021,Boraginaceae,+,1,v
F4P2,May,2021,Acinos arvensis,+,10,v
F4P2,May,2021,Alyssum alyssoides,+,10,fl
F4P2,July,2021,Alyssum alyssoides,+,8,fr
F4P2,May,2021,Arabis auriculata,+,5,fr
F4P2,May,2021,Arenaria serpyllifolia,+,4,fl
F4P2,July,2021,Arenaria serpyllifolia,+,10,pfr
F4P2,September,2021,Arenaria serpyllifolia,+,1,v
F4P2,May,2021,Bromus japonicus,3,16,fl
F4P2,July,2021,Bromus japonicus,2a,30,fr
F4P2,September,2021,Bromus japonicus,1,5,v
F4P2,May,2021,Camelina microcarpa,r,10,fl
F4P2,May,2021,Centaurea stoebe,+,24,v
F4P2,July,2021,Centaurea stoebe,1,40,fr
F4P2,September,2021,Centaurea stoebe,+,5,v
F4P2,May,2021,Cerastium sp.,+,5,fr
F4P2,September,2021,Echium vulgare,r,3,v
F4P2,July,2021,Medicago minima,+,15,pfr
F4P2,September,2021,Medicago minima,+,5,v
F4P2,May,2021,Melica ciliata,+,10,v
F4P2,July,2021,Melica ciliata,1,45,fr
F4P2,September,2021,Melica ciliata,+,30,v
F4P2,May,2021,Saxifraga tridactylites,r,4,fr
F4P2,May,2021,Sedum album,+,7,v
F4P2,July,2021,Sedum album,+,8,v
F4P2,September,2021,Sedum album,+,7,v
F4P2,May,2021,Seseli osseum,+,10,v
F4P2,July,2021,Seseli osseum,+,15,v
F4P2,September,2021,Seseli osseum,+,20,v
F4P2,May,2021,Teucrium chamaedrys,3,8,v
F4P2,July,2021,Teucrium chamaedrys,3,20,fr
F4P2,September,2021,Teucrium chamaedrys,5,15,fl
F4P2,May,2021,Verbascum lychnitis,+,1,v
F4P2,July,2021,Verbascum lychnitis,1,10,v
F4P2,September,2021,Verbascum lychnitis,1,10,v
F4P2,May,2021,Bromus tectorum,+,20,fl
F4P2,July,2021,Bromus tectorum,+,25,fr
F4P2,September,2021,Lepidium campestre,+,1,v
F4P3,May,2021,Acinos arvensis,+,2,v
F4P3,July,2021,Acinos arvensis,+,5,fr
F4P3,September,2021,Acinos arvensis,+,15,fr
F4P3,May,2021,Alyssum alyssoides,+,6,fr
F4P3,July,2021,Alyssum alyssoides,+,6,fr
F4P3,September,2021,Alyssum alyssoides,+,1,v
F4P3,May,2021,Arabis auriculata,+,7,fr
F4P3,May,2021,Arenaria serpyllifolia,+,4,fr
F4P3,July,2021,Arenaria serpyllifolia,+,5,fr
F4P3,September,2021,Arenaria serpyllifolia,+,4,v
F4P3,May,2021,Bromus japonicus,+,16,fr
F4P3,July,2021,Bromus japonicus,+,25,fr
F4P3,September,2021,Bromus japonicus,+,5,v
F4P3,May,2021,Centaurea stoebe,+,3,v
F4P3,July,2021,Centaurea stoebe,+,3,v
F4P3,September,2021,Centaurea stoebe,+,1,v
F4P3,May,2021,Dianthus pontederae,+,14,fl
F4P3,July,2021,Dianthus pontederae,+,20,fr
F4P3,September,2021,Dianthus pontederae,+,20,fr
F4P3,September,2021,Echium vulgare,+,1,v
F4P3,May,2021,Festuca valesiaca,+,5,v
F4P3,July,2021,Festuca valesiaca,+,50,pfr
F4P3,September,2021,Festuca valesiaca,+,15,v
F4P3,May,2021,Medicago minima,1,4,fl
F4P3,September,2021,Medicago minima,+,5,v
F4P3,May,2021,Phleum phleoides,2b,2b,v
F4P3,July,2021,Phleum phleoides,2b,45,fr
F4P3,September,2021,Phleum phleoides,2a,20,v
F4P3,May,2021,Saxifraga tridactylites,+,4,fr
F4P3,May,2021,Sedum album,+,3,v
F4P3,July,2021,Sedum album,+,3,v
F4P3,May,2021,Cerastium sp.,+,7,fr
F4P3,May,2021,Seseli osseum,1,8,v
F4P3,July,2021,Seseli osseum,1,20,v
F4P3,September,2021,Seseli osseum,1,15,v
F4P3,May,2021,Teucrium chamaedrys,2b,10,v
F4P3,July,2021,Teucrium chamaedrys,2a,18,fr
F4P3,September,2021,Teucrium chamaedrys,3,13,fr
F4P3,May,2021,Verbascum lychnitis,1,10,v
F4P3,July,2021,Verbascum lychnitis,+,50,fr
F4P3,May,2021,Veronica praecox,+,3,fr
F4P3,July,2021,Veronica praecox,+,3,pfr
F4P3,May,2021,Poa bulbosa,+,2,v
F4P3,May,2021,Minuartia rubra,r,1,v
F4P3,September,2021,Artemisia absinthium,r,2,v
F4P4,May,2021,Acinos arvensis,+,2,v
F4P4,July,2021,Acinos arvensis,+,8,fl
F4P4,September,2021,Acinos arvensis,+,5,v
F4P4,May,2021,Alyssum alyssoides,1,5,fr
F4P4,July,2021,Alyssum alyssoides,+,8,fr
F4P4,September,2021,Alyssum alyssoides,+,2,v
F4P4,May,2021,Arenaria serpyllifolia,+,8,fl
F4P4,July,2021,Arenaria serpyllifolia,+,10,fr
F4P4,September,2021,Arenaria serpyllifolia,+,1,v
F4P4,May,2021,Bromus sp.,1,17,v
F4P4,July,2021,Bromus sp.,+,30,fr
F4P4,September,2021,Bromus sp.,+,7,v
F4P4,May,2021,Cerastium se,+,3,fr
F4P4,July,2021,Cerastium se,+,5,pfr
F4P4,May,2021,Dianthus pontederae,1,25,fl
F4P4,July,2021,Dianthus pontederae,+,30,fr
F4P4,September,2021,Dianthus pontederae,+,30,fr
F4P4,September,2021,Echium vulgare,4,5,v
F4P4,September,2021,Erodium cicutarium,+,5,v
F4P4,May,2021,Festuca valesiaca,r,5,v
F4P4,September,2021,Festuca valesiaca,+,20,v
F4P4,May,2021,Medicago minima,2a,6,fl
F4P4,July,2021,Medicago minima,1,10,pfr
F4P4,September,2021,Medicago minima,+,5,v
F4P4,May,2021,Melica ciliata,1,18,v
F4P4,July,2021,Melica ciliata,1,45,fr
F4P4,September,2021,Melica ciliata,1,20,v
F4P4,May,2021,Poa bulbosa,+,25,fr
F4P4,July,2021,Poa bulbosa,+,2,v
F4P4,May,2021,Saxifraga tridactylites,r,3,fr
F4P4,July,2021,Sedum album,+,5,v
F4P4,September,2021,Sedum album,+,2,v
F4P4,May,2021,Seseli osseum,r,2,s
F4P4,May,2021,Teucrium chamaedrys,2b,6,v
F4P4,July,2021,Teucrium chamaedrys,2b,10,fr
F4P4,September,2021,Teucrium chamaedrys,3,10,fr
F4P4,May,2021,Trifolium arvense,1,5,v
F4P4,July,2021,Trifolium arvense,1,20,fr
F4P4,September,2021,Trifolium arvense,+,15,pfr
F4P4,May,2021,Phleum phleoides,+,2,v
F4P4,July,2021,Phleum phleoides,+,5,v
F4P4,September,2021,Phleum phleoides,+,8,v
F4P4,May,2021,Centaurea stoebe,+,3,v
F4P4,September,2021,Centaurea stoebe,+,10,v
F4P4,September,2021,Geranium pusillum,r,1,v
F4P5,May,2021,Alyssum alyssoides,+,4,fr
F4P5,July,2021,Alyssum alyssoides,+,10,pfr
F4P5,September,2021,Alyssum alyssoides,+,3,v
F4P5,May,2021,Arenaria serpyllifolia,+,4,fl
F4P5,May,2021,Bromus tectorum,+,20,fl
F4P5,September,2021,Bromus tectorum,2a,6,v
F4P5,May,2021,Centaurea stoebe,+,7,v
F4P5,May,2021,Cerastium sp.,+,6,fr
F4P5,September,2021,Erodium cicutarium,+,4,v
F4P5,May,2021,Fragaria viridis,1,10,v
F4P5,July,2021,Fragaria viridis,1,16,v
F4P5,September,2021,Fragaria viridis,2b,14,v
F4P5,May,2021,Medicago minima,1,7,fl
F4P5,September,2021,Medicago minima,+,4,v
F4P5,May,2021,Minuartia rubra,r,2,v
F4P5,May,2021,Phleum phleoides,1,15,fl
F4P5,July,2021,Phleum phleoides,1,45,fr
F4P5,September,2021,Phleum phleoides,2a,22,v
F4P5,May,2021,Potentilla incana,2a,5,fr
F4P5,July,2021,Potentilla incana,1,8,v
F4P5,September,2021,Potentilla incana,2b,14,v
F4P5,July,2021,Seseli osseum,r,5,v
F4P5,May,2021,Teucrium chamaedrys,3,7,v
F4P5,July,2021,Teucrium chamaedrys,3,17,fr
F4P5,September,2021,Teucrium chamaedrys,4,18,fr
F4P5,May,2021,Bromus japonicus,2a,20,fl
F4P5,July,2021,Bromus japonicus,2a,30,pfr
F4P5,July,2021,Acinos arvensis,r,4,v
F4P5,September,2021,Acinos arvensis,+,4,v
F4P5,September,2021,Boraginaceae,+,3,v
F4P6,May,2021,Acinos arvensis,+,4,v
F4P6,July,2021,Acinos arvensis,+,15,fr
F4P6,September,2021,Acinos arvensis,+,10,fl
F4P6,May,2021,Alyssum alyssoides,1,5,fr
F4P6,July,2021,Alyssum alyssoides,+,5,pfr
F4P6,September,2021,Alyssum alyssoides,1,2,v
F4P6,May,2021,Arabis auriculata,r,6,fr
F4P6,May,2021,Arenaria serpyllifolia,+,4,fl
F4P6,July,2021,Arenaria serpyllifolia,+,s,pfr
F4P6,September,2021,Arenaria serpyllifolia,+,2,v
F4P6,May,2021,Lappula squarrosa,1,4,v
F4P6,May,2021,Bromus japonicus,+,8,fl
F4P6,July,2021,Bromus japonicus,+,20,pfr
F4P6,September,2021,Bromus japonicus,+,5,v
F4P6,May,2021,Centaurea stoebe,+,4,v
F4P6,July,2021,Centaurea stoebe,r,5,v
F4P6,September,2021,Centaurea stoebe,+,4,v
F4P6,May,2021,Cerastium sp.,+,5,fr
F4P6,May,2021,Echium vulgare,+,2,v
F4P6,September,2021,Erodium cicutarium,+,2,v
F4P6,May,2021,Festuca valesiaca,r,3,v
F4P6,September,2021,Festuca valesiaca,+,6,v
F4P6,May,2021,Medicago minima,1,3,fl
F4P6,September,2021,Medicago minima,+,3,v
F4P6,May,2021,Minuartia rubra,+,5,v
F4P6,July,2021,Minuartia rubra,+,10,fr
F4P6,September,2021,Minuartia rubra,+,9,fr
F4P6,May,2021,Phleum phleoides,2b,20,v
F4P6,July,2021,Phleum phleoides,3,50,fr
F4P6,September,2021,Phleum phleoides,2b,20,v
F4P6,May,2021,Sedum album,1,4,v
F4P6,July,2021,Sedum album,1,12,fr
F4P6,September,2021,Sedum album,2a,5,v
F4P6,May,2021,Teucrium chamaedrys,2b,7,v
F4P6,July,2021,Teucrium chamaedrys,2b,12,fr
F4P6,September,2021,Teucrium chamaedrys,2b,15,v
F4P6,May,2021,Verbascum lychnitis,r,2,v
F4P6,September,2021,Boraginaceae,+,3,v
F5P1,May,2021,Alyssum alyssoides,+,5,fr
F5P1,July,2021,Alyssum alyssoides,+,7,pfr
F5P1,May,2021,Arenaria serpyllifolia,+,3,fr
F5P1,July,2021,Arenaria serpyllifolia,+,6,pfr
F5P1,May,2021,Bromus japonicus,+,11,fr
F5P1,July,2021,Bromus japonicus,+,15,fr
F5P1,May,2021,Centaurea stoebe,+,5,v
F5P1,July,2021,Centaurea stoebe,1,5,v
F5P1,September,2021,Centaurea stoebe,1,5,v
F5P1,May,2021,Dianthus pontederae,+,9,fl
F5P1,July,2021,Dianthus pontederae,+,13,fr
F5P1,September,2021,Dianthus pontederae,+,5,v
F5P1,May,2021,Echium vulgare,+,2,v
F5P1,May,2021,Festuca valesiaca,+,2,v
F5P1,July,2021,Festuca valesiaca,+,2,v
F5P1,September,2021,Festuca valesiaca,+,7,v
F5P1,May,2021,Holosteum umbellatum,+,5,fr
F5P1,May,2021,Medicago minima,1,3,v
F5P1,July,2021,Medicago minima,+,7,pfr
F5P1,September,2021,Medicago minima,+,3,v
F5P1,May,2021,Minuartia rubra,+,2,v
F5P1,May,2021,Phleum phleoides,2b,10,v
F5P1,July,2021,Phleum phleoides,2b,25,fr
F5P1,September,2021,Phleum phleoides,2b,10,v
F5P1,May,2021,Potentilla incana,2a,4,fr
F5P1,July,2021,Potentilla incana,2a,3,v
F5P1,September,2021,Potentilla incana,1,5,v
F5P1,May,2021,Sedum album,2a,3,v
F5P1,July,2021,Sedum album,1,10,fr
F5P1,September,2021,Sedum album,1,4,v
F5P1,May,2021,Seseli osseum,1,8,v
F5P1,July,2021,Seseli osseum,1,10,v
F5P1,September,2021,Seseli osseum,1,10,v
F5P1,May,2021,Verbascum lychnitis,2a,7,v
F5P1,July,2021,Verbascum lychnitis,2b,5,v
F5P1,September,2021,Verbascum lychnitis,1,5,v
F5P1,May,2021,Saxifraga tridactylites,r,4,fr
F5P1,May,2021,Cerastium sp.,r,4,fr
F5P1,July,2021,Securigera varia,+,20,fr
F5P1,September,2021,Securigera varia,+,15,v
F5P1,July,2021,Melica ciliata,+,5,v
F5P1,September,2021,Koeleria macrantha,r,4,v
F5P1,September,2021,Arrhenatherum elatius,+,5,v
F5P1,September,2021,Alyssum alyssoides,+,1,v
F5P2,May,2021,Acinos arvensis,+,3,v
F5P2,September,2021,Acinos arvensis,+,6,v
F5P2,May,2021,Alyssum alyssoides,1,9,fl
F5P2,July,2021,Alyssum alyssoides,+,15,fr
F5P2,May,2021,Arabis auriculata,+,9,fr
F5P2,May,2021,Arenaria serpyllifolia,+,5,fr
F5P2,July,2021,Arenaria serpyllifolia,+,10,fr
F5P2,September,2021,Arenaria serpyllifolia,+,1,v
F5P2,May,2021,Arrhenatherum elatius,2,31,fl
F5P2,September,2021,Arrhenatherum elatius,1,15,v
F5P2,May,2021,Bromus japonicus,+,13,fl
F5P2,July,2021,Bromus japonicus,+,25,fr
F5P2,May,2021,Camelina microcarpa,+,19,fl
F5P2,July,2021,Camelina microcarpa,r,12,pfr
F5P2,May,2021,Centaurea stoebe,+,9,v
F5P2,July,2021,Centaurea stoebe,+,8,v
F5P2,September,2021,Centaurea stoebe,2a,18,v
F5P2,May,2021,Cerastium semi,+,5,fr
F5P2,May,2021,Echium vulgare,2a,9,v
F5P2,July,2021,Echium vulgare,1,20,pfr
F5P2,May,2021,Festuca valesiaca,+,+,v
F5P2,September,2021,Festuca valesiaca,+,5,v
F5P2,May,2021,Lamium amplexicaule,+,6,fr
F5P2,May,2021,Lappula squarrosa,+,2,v
F5P2,May,2021,Medicago minima,2a,9,fl
F5P2,July,2021,Medicago minima,+,8,pfr
F5P2,September,2021,Medicago minima,+,2,v
F5P2,May,2021,Melica ciliata,+,10,v
F5P2,July,2021,Melica ciliata,1,45,pfr
F5P2,September,2021,Melica ciliata,2a,22,v
F5P2,May,2021,Minuartia rubra,+,11,v
F5P2,July,2021,Minuartia rubra,+,23,fr
F5P2,May,2021,Sedum album,1,4,v
F5P2,July,2021,Sedum album,1,10,fr
F5P2,September,2021,Sedum album,+,6,v
F5P2,May,2021,Seseli osseum,+,8,v
F5P2,July,2021,Seseli osseum,+,15,v
F5P2,September,2021,Seseli osseum,+,17,v
F5P2,May,2021,Teucrium chamaedrys,3,9,v
F5P2,July,2021,Teucrium chamaedrys,3,17,fr
F5P2,September,2021,Teucrium chamaedrys,3,16,fr
F5P2,May,2021,Veronica praecox,+,5,fr
F5P2,May,2021,Cerastium sp.,+,7,fr
F5P2,May,2021,Potentilla incana,1,4,fr
F5P2,July,2021,Potentilla incana,1,4,fr
F5P2,September,2021,Potentilla incana,1,5,v
F5P2,September,2021,Hypericum perforatum,r,4,v
F5P3,May,2021,Acinos arvensis,+,3,v
F5P3,July,2021,Acinos arvensis,r,8,fr
F5P3,September,2021,Acinos arvensis,+,2,v
F5P3,May,2021,Alyssum alyssoides,+,6,fr
F5P3,July,2021,Alyssum alyssoides,+,10,fr
F5P3,May,2021,Alyssum montanum subsp. gmelinii,+,6,fr
F5P3,May,2021,Arenaria serpyllifolia,+,4,fr
F5P3,July,2021,Arenaria serpyllifolia,+,8,fr
F5P3,May,2021,Bromus japonicus,+,11,fl
F5P3,July,2021,Bromus japonicus,+,20,fr
F5P3,September,2021,Bromus japonicus,+,3,v
F5P3,May,2021,Centaurea stoebe,1,26,v
F5P3,July,2021,Centaurea stoebe,1,12,v
F5P3,September,2021,Centaurea stoebe,2a,10,v
F5P3,May,2021,Dianthus pontederae,+,18,fl
F5P3,July,2021,Dianthus pontederae,+,25,fr
F5P3,September,2021,Dianthus pontederae,+,10,fr
F5P3,May,2021,Festuca valesiaca,1,20,fl
F5P3,July,2021,Festuca valesiaca,1,35,fr
F5P3,September,2021,Festuca valesiaca,1,13,v
F5P3,May,2021,Holosteum umbellatum,+,8,fr
F5P3,May,2021,Koeleria macrantha,1,25,fl
F5P3,July,2021,Koeleria macrantha,+,35,fr
F5P3,September,2021,Koeleria macrantha,+,10,v
F5P3,May,2021,Medicago minima,+,7,fl
F5P3,May,2021,Phleum phleoides,+,7,fl
F5P3,July,2021,Phleum phleoides,+,25,fr
F5P3,September,2021,Phleum phleoides,1,6,v
F5P3,May,2021,Potentilla incana,3,4,fr
F5P3,July,2021,Potentilla incana,2b,5,v
F5P3,September,2021,Potentilla incana,2b,6,v
F5P3,July,2021,Sedum album,1,15,fr
F5P3,September,2021,Sedum album,1,4,v
F5P3,May,2021,Seseli osseum,1,8,v
F5P3,July,2021,Seseli osseum,+,10,v
F5P3,September,2021,Seseli osseum,2a,13,v
F5P3,May,2021,Teucrium chamaedrys,2a,7,v
F5P3,July,2021,Teucrium chamaedrys,2a,15,fr
F5P3,September,2021,Teucrium chamaedrys,2a,13,fr
F5P3,May,2021,Lappula squarrosa,+,2,v
F5P3,May,2021,Cerastium sp.,+,5,fr
F5P3,May,2021,Arrhenatherum elatius,r,12,v
F5P3,May,2021,Echium vulgare,r,2,v
F5P3,July,2021,Melica ciliata,r,8,v
F5P4,July,2021,Acinos arvensis,r,10,fl
F5P4,September,2021,Acinos arvensis,+,3,fr
F5P4,May,2021,Alyssum alyssoides,+,8,fr
F5P4,July,2021,Alyssum alyssoides,+,8,fr
F5P4,May,2021,Arenaria serpyllifolia,+,4,fr
F5P4,May,2021,Bromus japonicus,+,16,fl
F5P4,July,2021,Bromus japonicus,+,30,fr
F5P4,May,2021,Bromus tectorum,+,14,fl
F5P4,July,2021,Bromus tectorum,+,15,fr
F5P4,May,2021,Camelina microcarpa,+,15,v
F5P4,May,2021,Centaurea stoebe,+,15,v
F5P4,July,2021,Centaurea stoebe,+,30,fr
F5P4,May,2021,Festuca valesiaca,+,22,fl
F5P4,July,2021,Festuca valesiaca,1,35,fr
F5P4,September,2021,Festuca valesiaca,1,14,v
F5P4,May,2021,Holosteum umbellatum,+,5,fr
F5P4,September,2021,Koeleria macrantha,+,4,v
F5P4,May,2021,Medicago minima,+,3,fl
F5P4,July,2021,Medicago minima,+,8,pfr
F5P4,September,2021,Medicago minima,+,3,v
F5P4,May,2021,Phleum phleoides,+,10,v
F5P4,July,2021,Phleum phleoides,+,30,fr
F5P4,September,2021,Phleum phleoides,+,4,v
F5P4,May,2021,Potentilla incana,3,5,fr
F5P4,July,2021,Potentilla incana,3,5,v
F5P4,September,2021,Potentilla incana,4,5,v
F5P4,May,2021,Sedum album,2a,3,v
F5P4,July,2021,Sedum album,1,12,fr
F5P4,September,2021,Sedum album,2a,3,v
F5P4,May,2021,Seseli osseum,1,8,v
F5P4,July,2021,Seseli osseum,1,15,v
F5P4,September,2021,Seseli osseum,2a,15,v
F5P4,May,2021,Teucrium chamaedrys,+,6,v
F5P4,July,2021,Teucrium chamaedrys,+,7,fr
F5P4,September,2021,Teucrium chamaedrys,+,6,fr
F5P4,May,2021,Veronica praecox,+,2,fr
F5P4,May,2021,Cerastium sp.,r,3,fr
F5P4,September,2021,Arrhenatherum elatius,+,10,v
F5P4,September,2021,Boraginaceae,r,1,v
F5P5,May,2021,Acinos arvensis,+,2,v
F5P5,July,2021,Acinos arvensis,+,12,fr
F5P5,September,2021,Acinos arvensis,+,4,v
F5P5,May,2021,Allium flavum,r,16,v
F5P5,September,2021,Allium flavum,v,15,v
F5P5,May,2021,Alyssum alyssoides,1,6,fr
F5P5,July,2021,Alyssum alyssoides,1,10,pfr
F5P5,September,2021,Alyssum alyssoides,+,8,pfr
F5P5,May,2021,Arenaria serpyllifolia,+,3,fr
F5P5,July,2021,Arenaria serpyllifolia,+,8,pfr
F5P5,May,2021,Bromus japonicus,1,12,fl
F5P5,July,2021,Bromus japonicus,1,20,pfr
F5P5,September,2021,Bromus sp.,+,5,v
F5P5,May,2021,Camelina microcarpa,+,7,fl
F5P5,May,2021,Centaurea stoebe,1,7,v
F5P5,July,2021,Centaurea stoebe,1,10,v
F5P5,September,2021,Centaurea stoebe,1,5,v
F5P5,May,2021,Cerastium sp.,+,7,fr
F5P5,May,2021,Echium vulgare,2a,6,v
F5P5,July,2021,Echium vulgare,1,6,pfr
F5P5,May,2021,Medicago minima,2a,2,v
F5P5,September,2021,Medicago minima,+,3,v
F5P5,May,2021,Melica ciliata,1,20,v
F5P5,July,2021,Melica ciliata,2a,50,fr
F5P5,September,2021,Melica ciliata,2a,20,v
F5P5,May,2021,Minuartia rubra,+,1,v
F5P5,July,2021,Minuartia rubra,r,2,v
F5P5,September,2021,Minuartia rubra,r,3,v
F5P5,May,2021,Potentilla incana,2b,4,fr
F5P5,July,2021,Potentilla incana,2a,5,v
F5P5,September,2021,Potentilla incana,2b,5,v
F5P5,May,2021,Saxifraga tridactylites,+,6,fr
F5P5,May,2021,Sedum album,1,2,v
F5P5,July,2021,Sedum album,1,12,fr
F5P5,September,2021,Sedum album,1,4,v
F5P5,May,2021,Seseli osseum,+,7,v
F5P5,July,2021,Seseli osseum,+,7,v
F5P5,September,2021,Seseli osseum,+,10,v
F5P5,May,2021,Viola tricolor subsp. saxatilis,r,1,v
F5P5,May,2021,Phleum phleoides,r,1,v
F5P5,July,2021,Phleum phleoides,+,5,v
F5P5,September,2021,Phleum phleoides,+,5,v
F5P5,May,2021,Koeleria macrantha,r,2,v
F5P5,September,2021,Alyssum montanum subsp. gmelinii,+,10,fr
F5P5,September,2021,Boraginaceae,+,1,v
F5P6,May,2021,Acinos arvensis,+,6,v
F5P6,July,2021,Acinos arvensis,+,12,pfr
F5P6,September,2021,Acinos arvensis,+,5,v
F5P6,May,2021,Alyssum alyssoides,+,4,fl
F5P6,July,2021,Alyssum alyssoides,+,10,pfr
F5P6,May,2021,Arenaria serpyllifolia,+,5,fr
F5P6,July,2021,Arenaria serpyllifolia,+,6,pfr
F5P6,May,2021,Arrhenatherum elatius,+,15,v
F5P6,July,2021,Arrhenatherum elatius,+,30,v
F5P6,September,2021,Arrhenatherum elatius,1,15,v
F5P6,May,2021,Bromus japonicus,+,8,v
F5P6,July,2021,Bromus japonicus,+,24,pfr
F5P6,May,2021,Camelina microcarpa,+,5,fl
F5P6,May,2021,Centaurea stoebe,+,6,v
F5P6,July,2021,Centaurea stoebe,1,8,v
F5P6,September,2021,Centaurea stoebe,2a,7,v
F5P6,May,2021,Echium vulgare,+,3,v
F5P6,July,2021,Echium vulgare,r,1,v
F5P6,May,2021,Lappula squarrosa,r,1,v
F5P6,July,2021,Lappula squarrosa,r,8,fl
F5P6,May,2021,Medicago minima,1,4,fl
F5P6,July,2021,Medicago minima,+,5,fr
F5P6,September,2021,Medicago minima,+,2,v
F5P6,May,2021,Melica ciliata,2a,25,v
F5P6,July,2021,Melica ciliata,2b,60,fr
F5P6,September,2021,Melica ciliata,2a,30,v
F5P6,May,2021,Minuartia rubra,+,2,v
F5P6,July,2021,Minuartia rubra,+,10,fr
F5P6,September,2021,Minuartia rubra,+,8,pfr
F5P6,May,2021,Potentilla incana,3,4,fr
F5P6,July,2021,Potentilla incana,2b,4,v
F5P6,September,2021,Potentilla incana,2b,5,v
F5P6,May,2021,Sedum album,2a,6,v
F5P6,July,2021,Sedum album,2a,12,fr
F5P6,September,2021,Sedum album,1,2,v
F5P6,May,2021,Seseli osseum,+,3,v
F5P6,July,2021,Seseli osseum,+,5,v
F5P6,September,2021,Seseli osseum,+,6,v
F5P6,May,2021,Tragopogon dubius,+,10,v
F5P6,July,2021,Tragopogon dubius,+,20,pfr
F5P6,May,2021,Verbascum lychnitis,2a,8,v
F5P6,July,2021,Verbascum lychnitis,1,65,fl
F5P6,September,2021,Verbascum lychnitis,+,65,pfr
F5P6,May,2021,Veronica praecox,+,3,v
F5P6,May,2021,Poa bulbosa,r,2,v
F5P6,July,2021,Alyssum montanum subsp. gmelinii,r,3,v
F5P6,September,2021,Alyssum montanum subsp. gmelinii,+,4,v
F5P6,September,2021,Festuca valesiaca,+,2,v
F5P6,September,2021,Poa badensis,+,1,v
F5P6,September,2021,Boraginaceae,+,1,v
F5P6,September,2021,Phleum phleoides,+,1,v
F6P1,May,2021,Acinos arvensis,+,2,v
F6P1,July,2021,Acinos arvensis,+,10,fr
F6P1,September,2021,Acinos arvensis,+,12,fr
F6P1,May,2021,Allium flavum,r,27,v
F6P1,September,2021,Allium flavum,+,15,v
F6P1,May,2021,Arenaria serpyllifolia,1,4,fl
F6P1,July,2021,Arenaria serpyllifolia,+,7,pfr
F6P1,September,2021,Arenaria serpyllifolia,+,1,v
F6P1,September,2021,Boraginaceae,+,1,v
F6P1,May,2021,Bromus japonicus,1,13,fl
F6P1,July,2021,Bromus japonicus,1,23,pfr
F6P1,September,2021,Bromus japonicus,+,3,v
F6P1,May,2021,Buglossoides incrassata,+,15,fr
F6P1,May,2021,Centaurea stoebe,2a,7,v
F6P1,July,2021,Centaurea stoebe,2a,10,v
F6P1,September,2021,Centaurea stoebe,3,15,v
F6P1,May,2021,Cerastium sp.,+,8,fr
F6P1,September,2021,Erodium cicutarium,r,2,s
F6P1,May,2021,Iris pumila,1,12,v
F6P1,July,2021,Iris pumila,2a,13,v
F6P1,September,2021,Iris pumila,1,10,v
F6P1,May,2021,Lamium amplexicaule,r,5,fr
F6P1,May,2021,Lepidium campestre,+,8,fl
F6P1,July,2021,Lepidium campestre,+,1,v
F6P1,September,2021,Lepidium campestre,r,1,v
F6P1,May,2021,Medicago minima,+,4,v
F6P1,September,2021,Medicago minima,+,2,v
F6P1,May,2021,Microthlaspi perfoliatum,+,6,fr
F6P1,July,2021,Microthlaspi perfoliatum,+,20,pfr
F6P1,May,2021,Ranunculus illyricus,r,6,v
F6P1,May,2021,Sedum album,2b,5,v
F6P1,July,2021,Sedum album,2a,15,fr
F6P1,September,2021,Sedum album,1,3,v
F6P1,May,2021,Teucrium chamaedrys,2b,7,v
F6P1,July,2021,Teucrium chamaedrys,2a,13,v
F6P1,September,2021,Teucrium chamaedrys,2a,10,v
F6P1,July,2021,Trifolium arvense,+,14,fl
F6P1,September,2021,Trifolium arvense,+,10,fr
F6P1,July,2021,Verbascum lychnitis,+,3,v
F6P1,September,2021,Verbascum lychnitis,+,5,v
F6P1,May,2021,Melica ciliata,+,10,v
F6P1,July,2021,Melica ciliata,+,15,v
F6P1,September,2021,Melica ciliata,r,10,v
F6P1,July,2021,Seseli osseum,r,5,v
F6P1,September,2021,Arrhenatherum elatius,+,20,v
F6P2,May,2021,Acinos arvensis,+,2,v
F6P2,July,2021,Acinos arvensis,+,12,fr
F6P2,September,2021,Acinos arvensis,1,9,fl
F6P2,May,2021,Alyssum montanum subsp. gmelinii,1,7,fl
F6P2,July,2021,Alyssum montanum subsp. gmelinii,+,10,fr
F6P2,September,2021,Alyssum montanum subsp. gmelinii,1,11,fl
F6P2,May,2021,Arenaria serpyllifolia,1,4,fr
F6P2,July,2021,Arenaria serpyllifolia,1,8,fr
F6P2,September,2021,Arenaria serpyllifolia,2a,3,v
F6P2,May,2021,Arrhenatherum elatius,1,30,fl
F6P2,July,2021,Arrhenatherum elatius,+,80,pfr
F6P2,September,2021,Arrhenatherum elatius,2a,20,v
F6P2,May,2021,Bromus japonicus,+,8,v
F6P2,July,2021,Bromus japonicus,r,20,fr
F6P2,May,2021,Centaurea stoebe,2a,30,v
F6P2,July,2021,Centaurea stoebe,2a,45,fr
F6P2,September,2021,Centaurea stoebe,3,14,v
F6P2,May,2021,Erodium cicutarium,r,1,v
F6P2,September,2021,Erodium cicutarium,+,1,v
F6P2,May,2021,Geranium pusillum,+,4,fr
F6P2,September,2021,Geranium pusillum,+,3,v
F6P2,May,2021,Holosteum umbellatum,+,9,fr
F6P2,May,2021,Lamium amplexicaule,+,5,fr
F6P2,May,2021,Lepidium campestre,+,8,fl
F6P2,July,2021,Lepidium campestre,+,25,fr
F6P2,September,2021,Lepidium campestre,+,3,v
F6P2,May,2021,Medicago minima,2b,4,fl
F6P2,July,2021,Medicago minima,+,15,pfr
F6P2,September,2021,Medicago minima,2a,4,v
F6P2,May,2021,Microthlaspi perfoliatum,+,7,fr
F6P2,May,2021,Ranunculus illyricus,+,4,v
F6P2,May,2021,Sedum album,2a,5,v
F6P2,July,2021,Sedum album,+,15,fr
F6P2,September,2021,Sedum album,2a,5,v
F6P2,May,2021,Teucrium chamaedrys,1,6,v
F6P2,July,2021,Teucrium chamaedrys,1,10,fr
F6P2,September,2021,Teucrium chamaedrys,2a,10,v
F6P2,May,2021,Trifolium arvense,+,4,v
F6P2,July,2021,Trifolium arvense,+,15,fr
F6P2,May,2021,Veronica praecox,+,3,fr
F6P2,May,2021,Cerastium sp.,+,8,fr
F6P2,May,2021,Melica ciliata,+,10,v
F6P2,September,2021,Melica ciliata,+,15,v
F6P2,September,2021,Boraginaceae,1,3,v
F6P3,May,2021,Acinos arvensis,2a,7,v
F6P3,September,2021,Acinos arvensis,+,19,v
F6P3,May,2021,Arenaria serpyllifolia,1,4,fr
F6P3,July,2021,Arenaria serpyllifolia,1,8,fr
F6P3,September,2021,Arenaria serpyllifolia,1,3,v
F6P3,May,2021,Arrhenatherum elatius,+,10,v
F6P3,September,2021,Arrhenatherum elatius,+,8,v
F6P3,May,2021,Bromus japonicus,+,9,fl
F6P3,July,2021,Bromus japonicus,+,25,fr
F6P3,May,2021,Buglossoides incrassata,+,8,fr
F6P3,July,2021,Buglossoides incrassata,+,8,fr
F6P3,May,2021,Centaurea stoebe,2a,5,v
F6P3,July,2021,Centaurea stoebe,+,40,fr
F6P3,September,2021,Centaurea stoebe,2a,10,v
F6P3,May,2021,Cerastium sp.,+,8,fr
F6P3,July,2021,Cerastium sp.,r,8,pfr
F6P3,May,2021,Erodium cicutarium,+,1,v
F6P3,May,2021,Festuca valesiaca,1,22,fl
F6P3,July,2021,Festuca valesiaca,1,30,fr
F6P3,September,2021,Festuca valesiaca,2a,17,v
F6P3,September,2021,Gagea pusilla,+,5,v
F6P3,May,2021,Holosteum umbellatum,+,12,fr
F6P3,May,2021,Lepidium campestre,+,14,fr
F6P3,July,2021,Lepidium campestre,+,25,fr
F6P3,September,2021,Lepidium campestre,+,2,v
F6P3,May,2021,Medicago minima,1,2,v
F6P3,July,2021,Medicago minima,+,8,pfr
F6P3,September,2021,Medicago minima,+,4,v
F6P3,May,2021,Microthlaspi perfoliatum,+,6,fr
F6P3,May,2021,Sedum album,2b,5,v
F6P3,July,2021,Sedum album,1,20,fr
F6P3,September,2021,Sedum album,2a,6,v
F6P3,May,2021,Teucrium chamaedrys,2b,9,v
F6P3,July,2021,Teucrium chamaedrys,2b,20,fr
F6P3,September,2021,Teucrium chamaedrys,3,13,v
F6P3,May,2021,Trifolium arvense,+,3,v
F6P3,July,2021,Trifolium arvense,+,15,fr
F6P3,September,2021,Trifolium arvense,+,7,fr
F6P3,May,2021,Veronica arvensis,+,2,fl
F6P3,July,2021,Veronica arvensis,r,5,pfr
F6P3,May,2021,Viola tricolor subsp. saxatilis,r,3,fr
F6P3,May,2021,Melica ciliata,+,5,v
F6P3,July,2021,Melica ciliata,r,8,fr
F6P3,September,2021,Boraginaceae,2b,8,v
F6P3,September,2021,Seseli osseum,+,7,v
F6P4,May,2021,Achillea collina,+,15,v
F6P4,July,2021,Achillea collina,+,30,v
F6P4,September,2021,Achillea collina,1,16,v
F6P4,May,2021,Acinos arvensis,r,2,v
F6P4,July,2021,Acinos arvensis,+,10,fr
F6P4,July,2021,Alyssum montanum subsp. gmelinii,+,8,v
F6P4,May,2021,Arenaria serpyllifolia,+,5,fl
F6P4,July,2021,Arenaria serpyllifolia,+,10,fr
F6P4,September,2021,Arenaria serpyllifolia,+,1,v
F6P4,May,2021,Arrhenatherum elatius,2a,50,fl
F6P4,July,2021,Arrhenatherum elatius,2a,90,pfr
F6P4,September,2021,Arrhenatherum elatius,2b,31,v
F6P4,May,2021,Buglossoides incrassata,r,15,fr
F6P4,May,2021,Centaurea stoebe,2a,40,v
F6P4,July,2021,Centaurea stoebe,1,50,fr
F6P4,September,2021,Centaurea stoebe,2a,17,v
F6P4,May,2021,Cerastium sp.,+,11,fr
F6P4,May,2021,Convolvulus arvensis,+,6,v
F6P4,July,2021,Convolvulus arvensis,+,5,v
F6P4,September,2021,Convolvulus arvensis,+,17,v
F6P4,September,2021,Erodium cicutarium,+,2,v
F6P4,May,2021,Euphorbia cyparissias,1,11,fl
F6P4,July,2021,Euphorbia cyparissias,+,10,v
F6P4,September,2021,Euphorbia cyparissias,2a,18,v
F6P4,May,2021,Galium glaucum,1,25,fl
F6P4,July,2021,Galium glaucum,+,25,fr
F6P4,September,2021,Galium glaucum,+,13,v
F6P4,May,2021,Geranium pusillum,+,7,v
F6P4,May,2021,Holosteum umbellatum,+,11,fr
F6P4,May,2021,Lepidium campestre,+,12,fl
F6P4,July,2021,Lepidium campestre,+,20,fr
F6P4,September,2021,Lepidium campestre,2a,3,v
F6P4,May,2021,Medicago minima,1,7,fl
F6P4,September,2021,Medicago minima,+,4,v
F6P4,May,2021,Microthlaspi perfoliatum,r,11,fr
F6P4,May,2021,Ranunculus illyricus,+,9,v
F6P4,May,2021,Sedum album,2a,3,v
F6P4,July,2021,Sedum album,1,20,fr
F6P4,September,2021,Sedum album,2a,4,v
F6P4,September,2021,Taraxacum sect. Erythrosperma,+,2,v
F6P4,May,2021,Teucrium chamaedrys,2b,8,v
F6P4,July,2021,Teucrium chamaedrys,2b,10,v
F6P4,September,2021,Teucrium chamaedrys,2b,11,v
F6P4,May,2021,Trifolium arvense,+,4,v
F6P4,September,2021,Trifolium arvense,+,12,fl
F6P4,May,2021,Veronica arvensis,+,5,fr
F6P4,May,2021,Viola tricolor subsp. saxatilis,r,16,fr
F6P4,May,2021,Arabis auriculata,r,16,fr
F6P4,May,2021,Melica ciliata,+,10,v
F6P4,July,2021,Melica ciliata,+,20,v
F6P4,September,2021,Melica ciliata,1,15,v
F6P4,July,2021,Trifolium campestre,+,20,fr
F6P4,July,2021,Phleum phleoides,+,50,fr
F6P4,September,2021,Phleum phleoides,+,20,v
F6P4,September,2021,Boraginaceae,+,2,v
F6P5,May,2021,Achillea collina,1,12,v
F6P5,July,2021,Achillea collina,1,15,v
F6P5,September,2021,Achillea collina,2a,10,v
F6P5,September,2021,Acinos arvensis,+,10,fr
F6P5,May,2021,Arenaria serpyllifolia,+,4,v
F6P5,July,2021,Arenaria serpyllifolia,+,5,pfr
F6P5,September,2021,Arenaria serpyllifolia,+,2,v
F6P5,May,2021,Centaurea stoebe,1,14,v
F6P5,July,2021,Centaurea stoebe,1,45,fr
F6P5,September,2021,Centaurea stoebe,1,5,v
F6P5,May,2021,Cerastium sp.,+,8,fr
F6P5,May,2021,Festuca valesiaca,2a,20,fl
F6P5,July,2021,Festuca valesiaca,2b,50,fr
F6P5,September,2021,Festuca valesiaca,2b,20,fr
F6P5,May,2021,Geranium pusillum,r,2,fl
F6P5,May,2021,Hesperis tristis,+,10,v
F6P5,September,2021,Hesperis tristis,+,5,v
F6P5,May,2021,Inula oculus-christi,+,10,v
F6P5,July,2021,Inula oculus-christi,+,5,v
F6P5,September,2021,Inula oculus-christi,+,10,v
F6P5,May,2021,Lepidium campestre,+,1,v
F6P5,July,2021,Lepidium campestre,+,1,v
F6P5,May,2021,Medicago minima,1,5,fl
F6P5,July,2021,Medicago minima,+,10,pfr
F6P5,September,2021,Medicago minima,+,3,v
F6P5,May,2021,Potentilla incana,2a,5,fr
F6P5,July,2021,Potentilla incana,1,6,v
F6P5,September,2021,Potentilla incana,2a,5,v
F6P5,May,2021,Sedum album,2a,7,v
F6P5,July,2021,Sedum album,2a,15,fr
F6P5,September,2021,Sedum album,1,3,v
F6P5,May,2021,Teucrium chamaedrys,2b,7,v
F6P5,July,2021,Teucrium chamaedrys,2b,15,fr
F6P5,September,2021,Teucrium chamaedrys,2b,15,fr
F6P5,May,2021,Trifolium arvense,+,5,v
F6P5,July,2021,Trifolium arvense,1,20,fl
F6P5,September,2021,Trifolium arvense,+,17,fr
F6P5,May,2021,Verbascum lychnitis,r,1,v
F6P5,September,2021,Boraginaceae,+,2,v
F6P6,May,2021,Acinos arvensis,+,9,v
F6P6,July,2021,Acinos arvensis,1,20,fr
F6P6,September,2021,Acinos arvensis,1,20,fl
F6P6,May,2021,Allium flavum,r,5,v
F6P6,May,2021,Arenaria serpyllifolia,1,5,fl
F6P6,July,2021,Arenaria serpyllifolia,+,8,pfr
F6P6,September,2021,Arenaria serpyllifolia,+,2,v
F6P6,May,2021,Arrhenatherum elatius,2a,28,fl
F6P6,July,2021,Arrhenatherum elatius,2a,75,pfr
F6P6,September,2021,Arrhenatherum elatius,2a,30,v
F6P6,May,2021,Bromus japonicus,+,17,fl
F6P6,July,2021,Bromus japonicus,+,30,pfr
F6P6,September,2021,Bromus japonicus,+,7,v
F6P6,May,2021,Centaurea stoebe,+,6,v
F6P6,July,2021,Centaurea stoebe,+,10,v
F6P6,September,2021,Centaurea stoebe,2a,15,v
F6P6,May,2021,Cerastium sp.,1,12,fr
F6P6,May,2021,Erodium cicutarium,+,1,s
F6P6,May,2021,Festuca valesiaca,+,20,fl
F6P6,July,2021,Festuca valesiaca,+,35,fr
F6P6,September,2021,Festuca valesiaca,+,10,v
F6P6,May,2021,Inula oculus-christi,2b,10,v
F6P6,July,2021,Inula oculus-christi,1,18,fr
F6P6,September,2021,Inula oculus-christi,2b,15,v
F6P6,May,2021,Lepidium campestre,+,1,v
F6P6,July,2021,Lepidium campestre,+,1,v
F6P6,September,2021,Lepidium campestre,+,2,v
F6P6,May,2021,Medicago minima,+,7,fl
F6P6,July,2021,Medicago minima,r,12,pfr
F6P6,September,2021,Medicago minima,+,2,v
F6P6,May,2021,Melica ciliata,r,5,v
F6P6,May,2021,Microthlaspi perfoliatum,+,15,fr
F6P6,May,2021,Potentilla incana,+,5,v
F6P6,July,2021,Potentilla incana,+,5,v
F6P6,September,2021,Potentilla incana,+,5,v
F6P6,May,2021,Ranunculus illyricus,r,4,v
F6P6,May,2021,Sedum album,1,5,v
F6P6,July,2021,Sedum album,2a,18,fr
F6P6,May,2021,Seseli osseum,r,9,v
F6P6,July,2021,Seseli osseum,+,14,v
F6P6,September,2021,Seseli osseum,+,15,v
F6P6,May,2021,Teucrium chamaedrys,3,7,v
F6P6,July,2021,Teucrium chamaedrys,3,13,fr
F6P6,May,2021,Trifolium arvense,+,5,v
F6P6,July,2021,Trifolium arvense,1,18,fl
F6P6,September,2021,Trifolium arvense,+,15,fr
F6P6,May,2021,Veronica arvensis,+,6,fr
F6P6,May,2021,Veronica prostrata,+,2,v
F6P6,July,2021,Scabiosa ochroleuca,r,6,v
F6P6,September,2021,Scabiosa ochroleuca,r,2,v
F7P1,May,2021,Acinos arvensis,1,10,v
F7P1,September,2021,Acinos arvensis,1,10,fl
F7P1,May,2021,Arenaria serpyllifolia,+,7,fl
F7P1,September,2021,Arenaria serpyllifolia,+,3,v
F7P1,May,2021,Arrhenatherum elatius,2a,35,fl
F7P1,July,2021,Arrhenatherum elatius,2a,65,pfr
F7P1,September,2021,Arrhenatherum elatius,2b,28,v
F7P1,September,2021,Boraginaceae,+,2,v
F7P1,May,2021,Bromus japonicus,+,14,fl
F7P1,July,2021,Bromus japonicus,1,30,pfr
F7P1,September,2021,Bromus japonicus,1,12,v
F7P1,May,2021,Centaurea stoebe,+,3,v
F7P1,July,2021,Centaurea stoebe,+,6,v
F7P1,September,2021,Centaurea stoebe,1,9,v
F7P1,May,2021,Lepidium campestre,+,20,fl
F7P1,July,2021,Lepidium campestre,+,2,v
F7P1,September,2021,Lepidium campestre,+,2,v
F7P1,May,2021,Medicago minima,+,3,v
F7P1,July,2021,Medicago minima,r,5,pfr
F7P1,September,2021,Medicago minima,+,3,v
F7P1,May,2021,Phleum phleoides,+,5,v
F7P1,July,2021,Phleum phleoides,+,8,v
F7P1,September,2021,Phleum phleoides,1,9,v
F7P1,September,2021,Potentilla incana,1,+,v
F7P1,May,2021,Sedum album,1,5,v
F7P1,July,2021,Sedum album,1,15,fr
F7P1,September,2021,Sedum album,1,9,v
F7P1,May,2021,Teucrium chamaedrys,3,10,v
F7P1,July,2021,Teucrium chamaedrys,3,15,fr
F7P1,September,2021,Teucrium chamaedrys,3,13,fr
F7P1,May,2021,Veronica praecox,+,4,fr
F7P1,May,2021,Veronica arvensis,+,8,fr
F7P1,May,2021,Cerastium sp.,+,12,fr
F7P1,July,2021,Seseli osseum,r,+,v
F7P1,September,2021,Seseli osseum,+,7,v
F7P2,September,2021,Acinos arvensis,+,4,v
F7P2,May,2021,Arenaria serpyllifolia,+,2,fl
F7P2,July,2021,Arenaria serpyllifolia,+,10,fr
F7P2,September,2021,Arenaria serpyllifolia,+,2,s
F7P2,September,2021,Arrhenatherum elatius,+,13,v
F7P2,May,2021,Bromus japonicus,2a,17,fl
F7P2,July,2021,Bromus japonicus,1,25,fr
F7P2,September,2021,Bromus japonicus,1,6,v
F7P2,May,2021,Buglossoides incrassata,+,4,fr
F7P2,May,2021,Cerastium sp.,+,6,fr
F7P2,July,2021,Cerastium sp.,+,8,pfr
F7P2,May,2021,Dianthus pontederae,+,12,fl
F7P2,July,2021,Dianthus pontederae,1,20,fr
F7P2,September,2021,Dianthus pontederae,1,19,pfr
F7P2,May,2021,Echium vulgare,+,2,v
F7P2,July,2021,Echium vulgare,+,2,v
F7P2,September,2021,Echium vulgare,1,2,v
F7P2,September,2021,Erodium cicutarium,+,2,v
F7P2,September,2021,Gagea pusilla,+,5,v
F7P2,May,2021,Lepidium campestre,+,4,v
F7P2,July,2021,Lepidium campestre,+,4,v
F7P2,September,2021,Lepidium campestre,+,1,s
F7P2,May,2021,Medicago minima,r,2,v
F7P2,September,2021,Medicago minima,+,2,v
F7P2,May,2021,Melica ciliata,+,11,v
F7P2,July,2021,Melica ciliata,+,25,fr
F7P2,September,2021,Melica ciliata,+,19,v
F7P2,May,2021,Sedum album,2a,4,v
F7P2,July,2021,Sedum album,1,13,fr
F7P2,September,2021,Sedum album,2a,7,v
F7P2,May,2021,Teucrium chamaedrys,2b,9,v
F7P2,July,2021,Teucrium chamaedrys,3,20,fr
F7P2,September,2021,Teucrium chamaedrys,3,22,fr
F7P2,May,2021,Veronica praecox,+,4,fr
F7P2,July,2021,Veronica praecox,+,4,pfr
F7P2,May,2021,Arabis auriculata,+,11,fr
F7P2,May,2021,Trifolium arvense,r,2,v
F7P3,May,2021,Acinos arvensis,+,4,5
F7P3,July,2021,Acinos arvensis,+,10,fr
F7P3,September,2021,Acinos arvensis,+,12,fr
F7P3,May,2021,Alyssum alyssoides,r,9,fl
F7P3,May,2021,Arenaria serpyllifolia,+,5,fl
F7P3,July,2021,Arenaria serpyllifolia,1,5,fr
F7P3,September,2021,Arenaria serpyllifolia,+,1,v
F7P3,May,2021,Arrhenatherum elatius,2a,17,v
F7P3,July,2021,Arrhenatherum elatius,1,60,pfr
F7P3,September,2021,Arrhenatherum elatius,1,20,v
F7P3,May,2021,Bromus japonicus,+,10,v
F7P3,July,2021,Bromus japonicus,+,30,fr
F7P3,September,2021,Bromus japonicus,+,10,v
F7P3,May,2021,Centaurea stoebe,+,55,v
F7P3,July,2021,Centaurea stoebe,+,12,v
F7P3,September,2021,Centaurea stoebe,1,8,v
F7P3,September,2021,Echium vulgare,+,2,v
F7P3,May,2021,Festuca valesiaca,+,8,v
F7P3,July,2021,Festuca valesiaca,+,8,v
F7P3,September,2021,Festuca valesiaca,+,15,v
F7P3,May,2021,Geranium pusillum,+,7,fr
F7P3,September,2021,Geranium pusillum,r,2,v
F7P3,May,2021,Hesperis tristis,2a,25,fl
F7P3,July,2021,Hesperis tristis,+,23,pfr
F7P3,September,2021,Hesperis tristis,+,8,v
F7P3,May,2021,Holosteum umbellatum,+,10,fr
F7P3,May,2021,Medicago minima,1,7,v
F7P3,July,2021,Medicago minima,r,6,pfr
F7P3,September,2021,Medicago minima,+,3,v
F7P3,May,2021,Melica ciliata,+,12,v
F7P3,July,2021,Melica ciliata,1,40,fr
F7P3,May,2021,Poa bulbosa,+,14,v
F7P3,July,2021,Poa bulbosa,r,18,fr
F7P3,May,2021,Potentilla incana,2b,5,v
F7P3,July,2021,Potentilla incana,2a,8,v
F7P3,September,2021,Potentilla incana,2b,8,v
F7P3,May,2021,Sedum album,r,2,v
F7P3,July,2021,Sedum album,+,10,fr
F7P3,September,2021,Sedum album,+,3,v
F7P3,May,2021,Teucrium chamaedrys,3,6,v
F7P3,July,2021,Teucrium chamaedrys,3,10,fr
F7P3,September,2021,Teucrium chamaedrys,2b,10,v
F7P3,May,2021,Valerianella locusta,+,7,fr
F7P3,July,2021,Verbascum lychnitis,+,5,v
F7P3,May,2021,Cerastium sp.,+,9,fr
F7P3,May,2021,Veronica arvensis,+,5,fr
F7P4,May,2021,Acinos arvensis,+,6,v
F7P4,September,2021,Acinos arvensis,+,5,v
F7P4,May,2021,Arenaria serpyllifolia,+,3,fr
F7P4,July,2021,Arenaria serpyllifolia,+,8,fr
F7P4,September,2021,Arenaria serpyllifolia,+,1,v
F7P4,May,2021,Arrhenatherum elatius,2a,40,fl
F7P4,July,2021,Arrhenatherum elatius,2b,80,pfr
F7P4,September,2021,Arrhenatherum elatius,2a,25,v
F7P4,May,2021,Bromus japonicus,+,12,fl
F7P4,July,2021,Bromus japonicus,1,20,fr
F7P4,September,2021,Bromus japonicus,+,7,v
F7P4,September,2021,Centaurea stoebe,r,3,v
F7P4,May,2021,Cerastium sp.,+,7,fr
F7P4,September,2021,Echium vulgare,+,2,v
F7P4,May,2021,Festuca valesiaca,+,7,v
F7P4,July,2021,Festuca valesiaca,+,10,v
F7P4,September,2021,Festuca valesiaca,1,20,v
F7P4,May,2021,Holosteum umbellatum,+,5,fr
F7P4,May,2021,Lamium amplexicaule,r,2,v
F7P4,September,2021,Lepidium campestre,r,2,v
F7P4,May,2021,Medicago minima,2a,4,v
F7P4,July,2021,Medicago minima,+,10,pfr
F7P4,September,2021,Medicago minima,+,2,v
F7P4,May,2021,Sedum album,r,3,v
F7P4,July,2021,Sedum album,+,6,fr
F7P4,May,2021,Teucrium chamaedrys,3,9,v
F7P4,July,2021,Teucrium chamaedrys,3,15,fr
F7P4,September,2021,Teucrium chamaedrys,3,15,fr
F7P4,May,2021,Trifolium arvense,+,3,v
F7P4,July,2021,Trifolium arvense,+,20,fr
F7P4,May,2021,Trifolium campestre,+,2,v
F7P4,May,2021,Valerianella locusta,+,5,fr
F7P4,May,2021,Festuca rupicola,1,20,fl
F7P4,July,2021,Festuca rupicola,1,20,v
F7P4,May,2021,Melica ciliata,+,7,v
F7P4,July,2021,Melica ciliata,+,15,v
F7P4,September,2021,Phleum phleoides,+,28,v
F7P5,May,2021,Acinos arvensis,1,8,v
F7P5,July,2021,Acinos arvensis,+,8,fr
F7P5,September,2021,Acinos arvensis,+,2,v
F7P5,May,2021,Alyssum montanum subsp. gmelinii,+,2,fr
F7P5,July,2021,Alyssum montanum subsp. gmelinii,+,3,v
F7P5,September,2021,Alyssum montanum subsp. gmelinii,1,6,fr
F7P5,May,2021,Arabis auriculata,r,10,fr
F7P5,July,2021,Arabis auriculata,r,10,pfr
F7P5,May,2021,Arenaria serpyllifolia,+,2,fr
F7P5,July,2021,Arenaria serpyllifolia,+,7,pfr
F7P5,September,2021,Arenaria serpyllifolia,+,1,v
F7P5,May,2021,Arrhenatherum elatius,+,14,v
F7P5,July,2021,Arrhenatherum elatius,+,20,v
F7P5,September,2021,Arrhenatherum elatius,+,12,v
F7P5,September,2021,Boraginaceae,+,2,v
F7P5,May,2021,Bromus japonicus,+,10,v
F7P5,July,2021,Bromus japonicus,+,15,pfr
F7P5,September,2021,Bromus japonicus,+,4,v
F7P5,May,2021,Cerastium sp.,+,6,fr
F7P5,July,2021,Cerastium sp.,r,5,pfr
F7P5,May,2021,Dianthus pontederae,+,11,fl
F7P5,July,2021,Dianthus pontederae,+,20,fr
F7P5,September,2021,Dianthus pontederae,+,18,fr
F7P5,May,2021,Galium glaucum,+,13,v
F7P5,July,2021,Galium glaucum,+,13,v
F7P5,September,2021,Galium glaucum,+,11,v
F7P5,May,2021,Lepidium campestre,+,1,v
F7P5,September,2021,Lepidium campestre,+,1,v
F7P5,May,2021,Medicago minima,2,3,fl
F7P5,September,2021,Medicago minima,+,1,v
F7P5,May,2021,Melica ciliata,+,3,v
F7P5,July,2021,Melica ciliata,+,10,v
F7P5,September,2021,Melica ciliata,+,10,v
F7P5,May,2021,Microthlaspi perfoliatum,r,6,fr
F7P5,May,2021,Minuartia rubra,r,1,v
F7P5,May,2021,Potentilla incana,2b,7,fr
F7P5,July,2021,Potentilla incana,2b,8,v
F7P5,September,2021,Potentilla incana,3,7,v
F7P5,May,2021,Ranunculus illyricus,+,6,v
F7P5,May,2021,Sedum album,1,5,v
F7P5,July,2021,Sedum album,1,15,fr
F7P5,September,2021,Sedum album,2a,5,v
F7P5,May,2021,Teucrium chamaedrys,2a,7,v
F7P5,July,2021,Teucrium chamaedrys,2a,11,fl
F7P5,September,2021,Teucrium chamaedrys,2a,16,fr
F7P5,May,2021,Verbascum lychnitis,+,2,v
F7P5,May,2021,Veronica praecox,+,4,fr
F7P5,May,2021,Centaurea stoebe,+,5,v
F7P5,July,2021,Centaurea stoebe,+,6,v
F7P5,May,2021,Festuca csikhegyensis,r,2,v
F7P6,May,2021,Acinos arvensis,+,4,v
F7P6,July,2021,Acinos arvensis,+,8,fl
F7P6,September,2021,Acinos arvensis,1,9,fr
F7P6,May,2021,Arenaria serpyllifolia,+,5,fl
F7P6,July,2021,Arenaria serpyllifolia,+,8,pfr
F7P6,September,2021,Arenaria serpyllifolia,+,1,v
F7P6,May,2021,Arrhenatherum elatius,2a,30,fl
F7P6,July,2021,Arrhenatherum elatius,2a,65,pfr
F7P6,September,2021,Arrhenatherum elatius,2b,25,v
F7P6,September,2021,Boraginaceae,+,2,v
F7P6,July,2021,Bromus japonicus,1,20,pfr
F7P6,September,2021,Bromus japonicus,+,3,v
F7P6,May,2021,Centaurea stoebe,+,5,v
F7P6,July,2021,Centaurea stoebe,+,8,v
F7P6,September,2021,Centaurea stoebe,1,10,v
F7P6,May,2021,Cerastium sp.,+,10,fr
F7P6,July,2021,Cerastium sp.,+,5,pfr
F7P6,May,2021,Dianthus pontederae,1,20,fl
F7P6,July,2021,Dianthus pontederae,1,7,pfr
F7P6,September,2021,Dianthus pontederae,1,13,v
F7P6,May,2021,Festuca valesiaca,+,10,v
F7P6,July,2021,Festuca valesiaca,+,10,v
F7P6,September,2021,Festuca valesiaca,+,8,v
F7P6,May,2021,Geranium pusillum,r,4,fr
F7P6,May,2021,Lepidium campestre,+,1,v
F7P6,September,2021,Lepidium campestre,+,2,v
F7P6,May,2021,Medicago minima,1,3,fl
F7P6,July,2021,Medicago minima,+,10,fr
F7P6,September,2021,Medicago minima,+,3,v
F7P6,May,2021,Melica ciliata,+,8,v
F7P6,September,2021,Melica ciliata,+,14,v
F7P6,May,2021,Sedum album,1,5,v
F7P6,July,2021,Sedum album,1,18,fr
F7P6,September,2021,Sedum album,1,6,v
F7P6,May,2021,Teucrium chamaedrys,3,7,v
F7P6,July,2021,Teucrium chamaedrys,3,10,fr
F7P6,September,2021,Teucrium chamaedrys,3,12,v
F7P6,May,2021,Bromus japonicus,1,12,fl
F7P6,May,2021,Arabis auriculata,r,10,fr
F7P6,July,2021,Allium flavum,+,15,v
F7P6,September,2021,Allium flavum,+,11,v
